병원코드,사업장명,사업자번호,병원소개,도로명전체주소,소재지전화
AA0001,일곡동물병원,100-10-10000,친절한 진료와 최신 장비로 반려동물을 돌보는 병원,광주광역시 서구 치평로305번길 8 (하남동),062-571-9114
AA0002,우리동물병원(출장전문),101-11-10001,24시간 응급진료 서비스 제공,광주광역시 서구 상무대로 37-6 (상무동),
AA0003,참좋은 동물병원,102-12-10002,반려동물 전문 의료진이 있는 병원,"광주광역시 서구 상무연신로 371, 1층 (치평동)",062-574-7975
AA0004,빛고을 동물의료센터,103-13-10003,건강검진 및 예방접종 전문병원,광주광역시 서구 중앙로 74 (치평동),062-419-7582
AA0005,24시 언제나 동물병원,104-14-10004,수술 전문 동물병원,광주광역시 서구 상무평화로 1 (상무동),062-571-0011
AA0006,유동물병원,105-15-10005,반려동물의 건강한 삶을 위한 토탈케어,광주광역시 서구 농성동 167 (농성동),062-526-3575
AA0007,이든동물병원,106-16-10006,최신 의료장비와 숙련된 수의사진,광주광역시 서구 상무대로 471번길 101-102 (삼각동),062-576-7585
AA0008,소담동물병원(출장전문),107-17-10007,반려동물과 가족을 위한 따뜻한 병원,광주광역시 서구 치평로305번길 8 (하남동) 2번지,062-571-9114
AA0009,광주동물보호소 부속동물병원,108-18-10008,정확한 진단과 세심한 치료,광주광역시 서구 상무대로 37-6 (상무동) 2번지,
AA0010,경북대학교 수의과대학 부속동물병원,109-19-10009,반려동물의 평생 주치의,"광주광역시 서구 상무연신로 371, 1층 (치평동) 2번지",062-574-7975
AA0011,대구축협동물병원,110-20-10010,전문적이고 신뢰할 수 있는 동물의료,광주광역시 서구 중앙로 74 (치평동) 2번지,062-419-7582
AA0012,강동물병원,111-21-10011,사랑과 정성으로 치료하는 병원,광주광역시 서구 상무평화로 1 (상무동) 2번지,062-571-0011
AA0013,다온동물병원,112-22-10012,반려동물의 건강을 최우선으로 생각,광주광역시 서구 농성동 167 (농성동) 2번지,062-526-3575
AA0014,신한동물병원,113-23-10013,첨단 장비와 풍부한 경험의 조화,광주광역시 서구 상무대로 471번길 101-102 (삼각동) 2번지,062-576-7585
AA0015,동명동물병원,114-24-10014,반려동물 응급의료 전문센터,광주광역시 서구 치평로305번길 8 (하남동) 3번지,062-571-9114
AA0016,굿모닝동물병원,115-25-10015,개와 고양이 전문 치료병원,광주광역시 서구 상무대로 37-6 (상무동) 3번지,
AA0017,가나동물병원,116-26-10016,"내과, 외과, 치과 전문의료진 보유","광주광역시 서구 상무연신로 371, 1층 (치평동) 3번지",062-574-7975
AA0018,늘푸른종합동물병원,117-27-10017,디지털 방사선 촬영 및 초음파 진단,광주광역시 서구 중앙로 74 (치평동) 3번지,062-419-7582
AA0019,도그플러스 동물병원(미유펫 대구점),118-28-10018,반려동물 미용 및 호텔 서비스 제공,광주광역시 서구 상무평화로 1 (상무동) 3번지,062-571-0011
AA0020,순풍동물병원,119-29-10019,중성화 수술 및 치과치료 전문,광주광역시 서구 농성동 167 (농성동) 3번지,062-526-3575
AA0021,다움동물병원,120-30-10020,예방의학 중심의 건강관리 프로그램,광주광역시 서구 상무대로 471번길 101-102 (삼각동) 3번지,062-576-7585
AA0022,남지가축병원,121-31-10021,노령동물 전문 케어 서비스,광주광역시 서구 치평로305번길 8 (하남동) 4번지,062-571-9114
AA0023,창녕축협동물병원,122-32-10022,행동교정 및 훈련 상담 제공,광주광역시 서구 상무대로 37-6 (상무동) 4번지,
AA0024,미래동물병원,123-33-10023,한방치료 및 재활치료 전문,"광주광역시 서구 상무연신로 371, 1층 (치평동) 4번지",062-574-7975
AA0025,광진동물병원,124-34-10024,야생동물 및 특수동물 진료 가능,광주광역시 서구 중앙로 74 (치평동) 4번지,062-419-7582
AA0026,김수의과병원&lt;산업동물출장진료전문병원&gt;,125-35-10025,친절한 진료와 최신 장비로 반려동물을 돌보는 병원,광주광역시 서구 상무평화로 1 (상무동) 4번지,062-571-0011
AA0027,남창가축병원,126-36-10026,24시간 응급진료 서비스 제공,광주광역시 서구 농성동 167 (농성동) 4번지,062-526-3575
AA0028,미소종합동물병원,127-37-10027,반려동물 전문 의료진이 있는 병원,광주광역시 서구 상무대로 471번길 101-102 (삼각동) 4번지,062-576-7585
AA0029,서울동물병원,128-38-10028,건강검진 및 예방접종 전문병원,광주광역시 서구 치평로305번길 8 (하남동) 5번지,062-571-9114
AA0030,현대동물병원(출장진료전문병원),129-39-10029,수술 전문 동물병원,광주광역시 서구 상무대로 37-6 (상무동) 5번지,
AA0031,이수의과동물병원(출장진료전문),130-40-10030,반려동물의 건강한 삶을 위한 토탈케어,"광주광역시 서구 상무연신로 371, 1층 (치평동) 5번지",062-574-7975
AA0032,진동물병원(출장전문),131-41-10031,최신 의료장비와 숙련된 수의사진,광주광역시 서구 중앙로 74 (치평동) 5번지,062-419-7582
AA0033,신성가축병원,132-42-10032,반려동물과 가족을 위한 따뜻한 병원,광주광역시 서구 상무평화로 1 (상무동) 5번지,062-571-0011
AA0034,형제동물병원(출장진료전문),133-43-10033,정확한 진단과 세심한 치료,광주광역시 서구 농성동 167 (농성동) 5번지,062-526-3575
AA0035,함양동물병원,134-44-10034,반려동물의 평생 주치의,광주광역시 서구 상무대로 471번길 101-102 (삼각동) 5번지,062-576-7585
AA0036,새마을동물병원,135-45-10035,전문적이고 신뢰할 수 있는 동물의료,광주광역시 서구 치평로305번길 8 (하남동) 6번지,062-571-9114
AA0037,김태오 동물병원,136-46-10036,사랑과 정성으로 치료하는 병원,광주광역시 서구 상무대로 37-6 (상무동) 6번지,
AA0038,흙 동물병원,137-47-10037,반려동물의 건강을 최우선으로 생각,"광주광역시 서구 상무연신로 371, 1층 (치평동) 6번지",062-574-7975
AA0039,중앙 동물병원,138-48-10038,첨단 장비와 풍부한 경험의 조화,광주광역시 서구 중앙로 74 (치평동) 6번지,062-419-7582
AA0040,예산 동물병원,139-49-10039,반려동물 응급의료 전문센터,광주광역시 서구 상무평화로 1 (상무동) 6번지,062-571-0011
AA0041,한솔가축병원,140-50-10040,개와 고양이 전문 치료병원,광주광역시 서구 농성동 167 (농성동) 6번지,062-526-3575
AA0042,협동동물병원,141-51-10041,"내과, 외과, 치과 전문의료진 보유",광주광역시 서구 상무대로 471번길 101-102 (삼각동) 6번지,062-576-7585
AA0043,강이동물병원,142-52-10042,디지털 방사선 촬영 및 초음파 진단,광주광역시 서구 치평로305번길 8 (하남동) 7번지,062-571-9114
AA0044,천안축산업협동조합 부설동물병원,143-53-10043,반려동물 미용 및 호텔 서비스 제공,광주광역시 서구 상무대로 37-6 (상무동) 7번지,
AA0045,우리동물병원,144-54-10044,중성화 수술 및 치과치료 전문,"광주광역시 서구 상무연신로 371, 1층 (치평동) 7번지",062-574-7975
AA0046,장원동물병원(출장진료전문 동물병원),145-55-10045,예방의학 중심의 건강관리 프로그램,광주광역시 서구 중앙로 74 (치평동) 7번지,062-419-7582
AA0047,하나동물병원,146-56-10046,노령동물 전문 케어 서비스,광주광역시 서구 상무평화로 1 (상무동) 7번지,062-571-0011
AA0048,그림동물병원,147-57-10047,행동교정 및 훈련 상담 제공,광주광역시 서구 농성동 167 (농성동) 7번지,062-526-3575
AA0049,에니펫동물병원,148-58-10048,한방치료 및 재활치료 전문,광주광역시 서구 상무대로 471번길 101-102 (삼각동) 7번지,062-576-7585
AA0050,펫프렌즈동물병원,149-59-10049,야생동물 및 특수동물 진료 가능,광주광역시 서구 치평로305번길 8 (하남동) 8번지,062-571-9114
AA0051,김수영 동물병원,150-60-10050,친절한 진료와 최신 장비로 반려동물을 돌보는 병원,광주광역시 서구 상무대로 37-6 (상무동) 8번지,
AA0052,충남야생동물구조센터,151-61-10051,24시간 응급진료 서비스 제공,"광주광역시 서구 상무연신로 371, 1층 (치평동) 8번지",062-574-7975
AA0053,KU건국동물병원,152-62-10052,반려동물 전문 의료진이 있는 병원,광주광역시 서구 중앙로 74 (치평동) 8번지,062-419-7582
AA0054,마일스톤피그클리닉(출장진료전문),153-63-10053,건강검진 및 예방접종 전문병원,광주광역시 서구 상무평화로 1 (상무동) 8번지,062-571-0011
AA0055,고려동물병원,154-64-10054,수술 전문 동물병원,광주광역시 서구 농성동 167 (농성동) 8번지,062-526-3575
AA0056,서현동물병원,155-65-10055,반려동물의 건강한 삶을 위한 토탈케어,광주광역시 서구 상무대로 471번길 101-102 (삼각동) 8번지,062-576-7585
AA0057,다산동물병원,156-66-10056,최신 의료장비와 숙련된 수의사진,광주광역시 서구 치평로305번길 8 (하남동) 9번지,062-571-9114
AA0058,가온동물병원,157-67-10057,반려동물과 가족을 위한 따뜻한 병원,광주광역시 서구 상무대로 37-6 (상무동) 9번지,
AA0059,서일동물병원,158-68-10058,정확한 진단과 세심한 치료,"광주광역시 서구 상무연신로 371, 1층 (치평동) 9번지",062-574-7975
AA0060,유일동물병원(산업동물에 대한 출장진료를 전문으로 함.),159-69-10059,반려동물의 평생 주치의,광주광역시 서구 중앙로 74 (치평동) 9번지,062-419-7582
AA0061,태성동물병원,160-70-10060,전문적이고 신뢰할 수 있는 동물의료,광주광역시 서구 상무평화로 1 (상무동) 9번지,062-571-0011
AA0062,나음동물병원,161-71-10061,사랑과 정성으로 치료하는 병원,광주광역시 서구 농성동 167 (농성동) 9번지,062-526-3575
AA0063,다솜동물병원,162-72-10062,반려동물의 건강을 최우선으로 생각,광주광역시 서구 상무대로 471번길 101-102 (삼각동) 9번지,062-576-7585
AA0064,치유동물병원,163-73-10063,첨단 장비와 풍부한 경험의 조화,광주광역시 서구 치평로305번길 8 (하남동) 10번지,062-571-9114
AA0065,다나동물병원(산업동물에 대한 출장진료를 전문으로 함.),164-74-10064,반려동물 응급의료 전문센터,광주광역시 서구 상무대로 37-6 (상무동) 10번지,
AA0066,서울88동물의료원,165-75-10065,개와 고양이 전문 치료병원,"광주광역시 서구 상무연신로 371, 1층 (치평동) 10번지",062-574-7975
AA0067,늘푸른동물병원두정의료센터,166-76-10066,"내과, 외과, 치과 전문의료진 보유",광주광역시 서구 중앙로 74 (치평동) 10번지,062-419-7582
AA0068,중앙동물병원,167-77-10067,디지털 방사선 촬영 및 초음파 진단,광주광역시 서구 상무평화로 1 (상무동) 10번지,062-571-0011
AA0069,녹십자,168-78-10068,반려동물 미용 및 호텔 서비스 제공,광주광역시 서구 농성동 167 (농성동) 10번지,062-526-3575
AA0070,천안공주낙농축산업협동조합부설동물병원,169-79-10069,중성화 수술 및 치과치료 전문,광주광역시 서구 상무대로 471번길 101-102 (삼각동) 10번지,062-576-7585
AA0071,대전충남 양돈축산업협동조합 부설동물병원,170-80-10070,예방의학 중심의 건강관리 프로그램,광주광역시 서구 치평로305번길 8 (하남동) 11번지,062-571-9114
AA0072,동물병원닥터스,171-81-10071,노령동물 전문 케어 서비스,광주광역시 서구 상무대로 37-6 (상무동) 11번지,
AA0073,한일동물병원,172-82-10072,행동교정 및 훈련 상담 제공,"광주광역시 서구 상무연신로 371, 1층 (치평동) 11번지",062-574-7975
AA0074,명진동물병원,173-83-10073,한방치료 및 재활치료 전문,광주광역시 서구 중앙로 74 (치평동) 11번지,062-419-7582
AA0075,제천 그레이스 동물병원,174-84-10074,야생동물 및 특수동물 진료 가능,광주광역시 서구 상무평화로 1 (상무동) 11번지,062-571-0011
AA0076,삼성가축병원,175-85-10075,친절한 진료와 최신 장비로 반려동물을 돌보는 병원,광주광역시 서구 농성동 167 (농성동) 11번지,062-526-3575
AA0077,음성동물병원,176-86-10076,24시간 응급진료 서비스 제공,광주광역시 서구 상무대로 471번길 101-102 (삼각동) 11번지,062-576-7585
AA0078,금왕동물병원,177-87-10077,반려동물 전문 의료진이 있는 병원,광주광역시 서구 치평로305번길 8 (하남동) 12번지,062-571-9114
AA0079,남영가축병원 (출장진료전문병원),178-88-10078,건강검진 및 예방접종 전문병원,광주광역시 서구 상무대로 37-6 (상무동) 12번지,
AA0080,현대동물병원,179-89-10079,수술 전문 동물병원,"광주광역시 서구 상무연신로 371, 1층 (치평동) 12번지",062-574-7975
AA0081,반석가금진료연구소,180-90-10080,반려동물의 건강한 삶을 위한 토탈케어,광주광역시 서구 중앙로 74 (치평동) 12번지,062-419-7582
AA0082,전동물병원 (출장진료전문병원),181-91-10081,최신 의료장비와 숙련된 수의사진,광주광역시 서구 상무평화로 1 (상무동) 12번지,062-571-0011
AA0083,대소동물병원,182-92-10082,반려동물과 가족을 위한 따뜻한 병원,광주광역시 서구 농성동 167 (농성동) 12번지,062-526-3575
AA0084,그린벨동물의료센터,183-93-10083,정확한 진단과 세심한 치료,광주광역시 서구 상무대로 471번길 101-102 (삼각동) 12번지,062-576-7585
AA0085,음성축산업협동조합 동물병원,184-94-10084,반려동물의 평생 주치의,광주광역시 서구 치평로305번길 8 (하남동) 13번지,062-571-9114
AA0086,진주동물병원(출장진료전문병원),185-95-10085,전문적이고 신뢰할 수 있는 동물의료,광주광역시 서구 상무대로 37-6 (상무동) 13번지,
AA0087,바우미우동물병원,186-96-10086,사랑과 정성으로 치료하는 병원,"광주광역시 서구 상무연신로 371, 1층 (치평동) 13번지",062-574-7975
AA0088,황동물병원,187-97-10087,반려동물의 건강을 최우선으로 생각,광주광역시 서구 중앙로 74 (치평동) 13번지,062-419-7582
AA0089,서울종합동물병원,188-98-10088,첨단 장비와 풍부한 경험의 조화,광주광역시 서구 상무평화로 1 (상무동) 13번지,062-571-0011
AA0090,대학동물병원,189-99-10089,반려동물 응급의료 전문센터,광주광역시 서구 농성동 167 (농성동) 13번지,062-526-3575
AA0091,강북동물병원,190-10-10090,개와 고양이 전문 치료병원,광주광역시 서구 상무대로 471번길 101-102 (삼각동) 13번지,062-576-7585
AA0092,스머프동물병원,191-11-10091,"내과, 외과, 치과 전문의료진 보유",광주광역시 서구 치평로305번길 8 (하남동) 14번지,062-571-9114
AA0093,다루동물병원,192-12-10092,디지털 방사선 촬영 및 초음파 진단,광주광역시 서구 상무대로 37-6 (상무동) 14번지,
AA0094,미래동물병원,193-13-10093,반려동물 미용 및 호텔 서비스 제공,"광주광역시 서구 상무연신로 371, 1층 (치평동) 14번지",062-574-7975
AA0095,더독동물병원,194-14-10094,중성화 수술 및 치과치료 전문,광주광역시 서구 중앙로 74 (치평동) 14번지,062-419-7582
AA0096,오렌지동물병원,195-15-10095,예방의학 중심의 건강관리 프로그램,광주광역시 서구 상무평화로 1 (상무동) 14번지,062-571-0011
AA0097,남서울동물병원,196-16-10096,노령동물 전문 케어 서비스,광주광역시 서구 농성동 167 (농성동) 14번지,062-526-3575
AA0098,서초동물병원,197-17-10097,행동교정 및 훈련 상담 제공,광주광역시 서구 상무대로 471번길 101-102 (삼각동) 14번지,062-576-7585
AA0099,아델 동물병원,198-18-10098,한방치료 및 재활치료 전문,광주광역시 서구 치평로305번길 8 (하남동) 15번지,062-571-9114
AA0100,동물제중원금손이 동물병원,199-19-10099,야생동물 및 특수동물 진료 가능,광주광역시 서구 상무대로 37-6 (상무동) 15번지,
AB0101,다니엘동물병원,200-20-10100,친절한 진료와 최신 장비로 반려동물을 돌보는 병원,"광주광역시 서구 상무연신로 371, 1층 (치평동) 15번지",062-574-7975
AB0102,우신동물병원,201-21-10101,24시간 응급진료 서비스 제공,광주광역시 서구 중앙로 74 (치평동) 15번지,062-419-7582
AB0103,강현림 종합동물병원,202-22-10102,반려동물 전문 의료진이 있는 병원,광주광역시 서구 상무평화로 1 (상무동) 15번지,062-571-0011
AB0104,해성동물병원,203-23-10103,건강검진 및 예방접종 전문병원,광주광역시 서구 농성동 167 (농성동) 15번지,062-526-3575
AB0105,두리종합동물병원,204-24-10104,수술 전문 동물병원,광주광역시 서구 상무대로 471번길 101-102 (삼각동) 15번지,062-576-7585
AB0106,디아나동물병원,205-25-10105,반려동물의 건강한 삶을 위한 토탈케어,광주광역시 서구 치평로305번길 8 (하남동) 16번지,062-571-9114
AB0107,이상록동물병원,206-26-10106,최신 의료장비와 숙련된 수의사진,광주광역시 서구 상무대로 37-6 (상무동) 16번지,
AB0108,햇살동물병원,207-27-10107,반려동물과 가족을 위한 따뜻한 병원,"광주광역시 서구 상무연신로 371, 1층 (치평동) 16번지",062-574-7975
AB0109,제인동물병원,208-28-10108,정확한 진단과 세심한 치료,광주광역시 서구 중앙로 74 (치평동) 16번지,062-419-7582
AB0110,Dr.윤 동물의료센터,209-29-10109,반려동물의 평생 주치의,광주광역시 서구 상무평화로 1 (상무동) 16번지,062-571-0011
AB0111,한빛동물병원,210-30-10110,전문적이고 신뢰할 수 있는 동물의료,광주광역시 서구 농성동 167 (농성동) 16번지,062-526-3575
AB0112,아지동물병원,211-31-10111,사랑과 정성으로 치료하는 병원,광주광역시 서구 상무대로 471번길 101-102 (삼각동) 16번지,062-576-7585
AB0113,24시센트럴동물메디컬센터,212-32-10112,반려동물의 건강을 최우선으로 생각,광주광역시 서구 치평로305번길 8 (하남동) 17번지,062-571-9114
AB0114,리더스 동물병원,213-33-10113,첨단 장비와 풍부한 경험의 조화,광주광역시 서구 상무대로 37-6 (상무동) 17번지,
AB0115,오석헌동물병원,214-34-10114,반려동물 응급의료 전문센터,"광주광역시 서구 상무연신로 371, 1층 (치평동) 17번지",062-574-7975
AB0116,뉴타운동물병원,215-35-10115,개와 고양이 전문 치료병원,광주광역시 서구 중앙로 74 (치평동) 17번지,062-419-7582
AB0117,24시스마트동물메디컬센터,216-36-10116,"내과, 외과, 치과 전문의료진 보유",광주광역시 서구 상무평화로 1 (상무동) 17번지,062-571-0011
AB0118,유림동물안과병원,217-37-10117,디지털 방사선 촬영 및 초음파 진단,광주광역시 서구 농성동 167 (농성동) 17번지,062-526-3575
AB0119,서울우유협동조합유우진료소,218-38-10118,반려동물 미용 및 호텔 서비스 제공,광주광역시 서구 상무대로 471번길 101-102 (삼각동) 17번지,062-576-7585
AB0120,민병철동물병원,219-39-10119,중성화 수술 및 치과치료 전문,광주광역시 서구 치평로305번길 8 (하남동) 18번지,062-571-9114
AB0121,옥수수 동물병원,220-40-10120,예방의학 중심의 건강관리 프로그램,광주광역시 서구 상무대로 37-6 (상무동) 18번지,
AB0122,쿨펫이마트 목동점 동물병원,221-41-10121,노령동물 전문 케어 서비스,"광주광역시 서구 상무연신로 371, 1층 (치평동) 18번지",062-574-7975
AB0123,둘레길동물병원,222-42-10122,행동교정 및 훈련 상담 제공,광주광역시 서구 중앙로 74 (치평동) 18번지,062-419-7582
AB0124,개와냥이동물병원,223-43-10123,한방치료 및 재활치료 전문,광주광역시 서구 상무평화로 1 (상무동) 18번지,062-571-0011
AB0125,참좋은동물병원,224-44-10124,야생동물 및 특수동물 진료 가능,광주광역시 서구 농성동 167 (농성동) 18번지,062-526-3575
AB0126,메디펫동물병원,225-45-10125,친절한 진료와 최신 장비로 반려동물을 돌보는 병원,광주광역시 서구 상무대로 471번길 101-102 (삼각동) 18번지,062-576-7585
AB0127,윤신근박사동물병원,226-46-10126,24시간 응급진료 서비스 제공,광주광역시 서구 치평로305번길 8 (하남동) 19번지,062-571-9114
AB0128,노아동물병원,227-47-10127,반려동물 전문 의료진이 있는 병원,광주광역시 서구 상무대로 37-6 (상무동) 19번지,
AB0129,양천종합동물병원,228-48-10128,건강검진 및 예방접종 전문병원,"광주광역시 서구 상무연신로 371, 1층 (치평동) 19번지",062-574-7975
AB0130,한수24시동물병원,229-49-10129,수술 전문 동물병원,광주광역시 서구 중앙로 74 (치평동) 19번지,062-419-7582
AB0131,로얄동물병원,230-50-10130,반려동물의 건강한 삶을 위한 토탈케어,광주광역시 서구 상무평화로 1 (상무동) 19번지,062-571-0011
AB0132,교대동물병원,231-51-10131,최신 의료장비와 숙련된 수의사진,광주광역시 서구 농성동 167 (농성동) 19번지,062-526-3575
AB0133,필동물종합병원,232-52-10132,반려동물과 가족을 위한 따뜻한 병원,광주광역시 서구 상무대로 471번길 101-102 (삼각동) 19번지,062-576-7585
AB0134,반포자이동물병원,233-53-10133,정확한 진단과 세심한 치료,광주광역시 서구 치평로305번길 8 (하남동) 20번지,062-571-9114
AB0135,하나동물병원,234-54-10134,반려동물의 평생 주치의,광주광역시 서구 상무대로 37-6 (상무동) 20번지,
AB0136,가나종합동물병원,235-55-10135,전문적이고 신뢰할 수 있는 동물의료,"광주광역시 서구 상무연신로 371, 1층 (치평동) 20번지",062-574-7975
AB0137,바라봄동물병원,236-56-10136,사랑과 정성으로 치료하는 병원,광주광역시 서구 중앙로 74 (치평동) 20번지,062-419-7582
AB0138,담은동물병원,237-57-10137,반려동물의 건강을 최우선으로 생각,광주광역시 서구 상무평화로 1 (상무동) 20번지,062-571-0011
AB0139,신정 동물병원,238-58-10138,첨단 장비와 풍부한 경험의 조화,광주광역시 서구 농성동 167 (농성동) 20번지,062-526-3575
AB0140,토론토 동물병원,239-59-10139,반려동물 응급의료 전문센터,광주광역시 서구 상무대로 471번길 101-102 (삼각동) 20번지,062-576-7585
AB0141,달링동물병원,240-60-10140,개와 고양이 전문 치료병원,광주광역시 서구 치평로305번길 8 (하남동) 21번지,062-571-9114
AB0142,바른동물병원,241-61-10141,"내과, 외과, 치과 전문의료진 보유",광주광역시 서구 상무대로 37-6 (상무동) 21번지,
AB0143,오거리동물병원,242-62-10142,디지털 방사선 촬영 및 초음파 진단,"광주광역시 서구 상무연신로 371, 1층 (치평동) 21번지",062-574-7975
AB0144,LOVE MY PET 동물병원,243-63-10143,반려동물 미용 및 호텔 서비스 제공,광주광역시 서구 중앙로 74 (치평동) 21번지,062-419-7582
AB0145,이리온 양재점,244-64-10144,중성화 수술 및 치과치료 전문,광주광역시 서구 상무평화로 1 (상무동) 21번지,062-571-0011
AB0146,꿈꾸는 동물병원,245-65-10145,예방의학 중심의 건강관리 프로그램,광주광역시 서구 농성동 167 (농성동) 21번지,062-526-3575
AB0147,에이블 동물병원,246-66-10146,노령동물 전문 케어 서비스,광주광역시 서구 상무대로 471번길 101-102 (삼각동) 21번지,062-576-7585
AB0148,포레동물병원,247-67-10147,행동교정 및 훈련 상담 제공,광주광역시 서구 치평로305번길 8 (하남동) 22번지,062-571-9114
AB0149,서이동물병원,248-68-10148,한방치료 및 재활치료 전문,광주광역시 서구 상무대로 37-6 (상무동) 22번지,
AB0150,우면동물병원,249-69-10149,야생동물 및 특수동물 진료 가능,"광주광역시 서구 상무연신로 371, 1층 (치평동) 22번지",062-574-7975
AB0151,왕십리조은동물병원,250-70-10150,친절한 진료와 최신 장비로 반려동물을 돌보는 병원,광주광역시 서구 중앙로 74 (치평동) 22번지,062-419-7582
AB0152,페토브 동물병원,251-71-10151,24시간 응급진료 서비스 제공,광주광역시 서구 상무평화로 1 (상무동) 22번지,062-571-0011
AB0153,24시 서울 탑 동물병원,252-72-10152,반려동물 전문 의료진이 있는 병원,광주광역시 서구 농성동 167 (농성동) 22번지,062-526-3575
AB0154,수동물병원,253-73-10153,건강검진 및 예방접종 전문병원,광주광역시 서구 상무대로 471번길 101-102 (삼각동) 22번지,062-576-7585
AB0155,내방동물병원,254-74-10154,수술 전문 동물병원,광주광역시 서구 치평로305번길 8 (하남동) 23번지,062-571-9114
AB0156,스테이동물병원,255-75-10155,반려동물의 건강한 삶을 위한 토탈케어,광주광역시 서구 상무대로 37-6 (상무동) 23번지,
AB0157,신반포종합동물병원,256-76-10156,최신 의료장비와 숙련된 수의사진,"광주광역시 서구 상무연신로 371, 1층 (치평동) 23번지",062-574-7975
AB0158,두암동물병원,257-77-10157,반려동물과 가족을 위한 따뜻한 병원,광주광역시 서구 중앙로 74 (치평동) 23번지,062-419-7582
AB0159,24시예스동물병원,258-78-10158,정확한 진단과 세심한 치료,광주광역시 서구 상무평화로 1 (상무동) 23번지,062-571-0011
AB0160,우리동물병원,259-79-10159,반려동물의 평생 주치의,광주광역시 서구 농성동 167 (농성동) 23번지,062-526-3575
AB0161,빛가온동물병원,260-80-10160,전문적이고 신뢰할 수 있는 동물의료,광주광역시 서구 상무대로 471번길 101-102 (삼각동) 23번지,062-576-7585
AB0162,레스펫동물병원,261-81-10161,사랑과 정성으로 치료하는 병원,광주광역시 서구 치평로305번길 8 (하남동) 24번지,062-571-9114
AB0163,파리스동물병원,262-82-10162,반려동물의 건강을 최우선으로 생각,광주광역시 서구 상무대로 37-6 (상무동) 24번지,
AB0164,구름동물병원,263-83-10163,첨단 장비와 풍부한 경험의 조화,"광주광역시 서구 상무연신로 371, 1층 (치평동) 24번지",062-574-7975
AB0165,밀리언동물병원,264-84-10164,반려동물 응급의료 전문센터,광주광역시 서구 중앙로 74 (치평동) 24번지,062-419-7582
AB0166,VIP동물의료센터 서초동작점,265-85-10165,개와 고양이 전문 치료병원,광주광역시 서구 상무평화로 1 (상무동) 24번지,062-571-0011
AB0167,이윤세동물병원,266-86-10166,"내과, 외과, 치과 전문의료진 보유",광주광역시 서구 농성동 167 (농성동) 24번지,062-526-3575
AB0168,한양동물메디컬센터,267-87-10167,디지털 방사선 촬영 및 초음파 진단,광주광역시 서구 상무대로 471번길 101-102 (삼각동) 24번지,062-576-7585
AB0169,백슬동물병원,268-88-10168,반려동물 미용 및 호텔 서비스 제공,광주광역시 서구 치평로305번길 8 (하남동) 25번지,062-571-9114
AB0170,혜인종합 동물병원,269-89-10169,중성화 수술 및 치과치료 전문,광주광역시 서구 상무대로 37-6 (상무동) 25번지,
AB0171,다온동물병원,270-90-10170,예방의학 중심의 건강관리 프로그램,"광주광역시 서구 상무연신로 371, 1층 (치평동) 25번지",062-574-7975
AB0172,야옹동물병원,271-91-10171,노령동물 전문 케어 서비스,광주광역시 서구 중앙로 74 (치평동) 25번지,062-419-7582
AB0173,신세계 동물병원,272-92-10172,행동교정 및 훈련 상담 제공,광주광역시 서구 상무평화로 1 (상무동) 25번지,062-571-0011
AB0174,서울햇빛동물병원,273-93-10173,한방치료 및 재활치료 전문,광주광역시 서구 농성동 167 (농성동) 25번지,062-526-3575
AB0175,서래동물병원,274-94-10174,야생동물 및 특수동물 진료 가능,광주광역시 서구 상무대로 471번길 101-102 (삼각동) 25번지,062-576-7585
AB0176,한빛동물병원,275-95-10175,친절한 진료와 최신 장비로 반려동물을 돌보는 병원,광주광역시 서구 치평로305번길 8 (하남동) 26번지,062-571-9114
AB0177,심바동물병원,276-96-10176,24시간 응급진료 서비스 제공,광주광역시 서구 상무대로 37-6 (상무동) 26번지,
AB0178,해뜨는 동물병원 해질녘책방,277-97-10177,반려동물 전문 의료진이 있는 병원,"광주광역시 서구 상무연신로 371, 1층 (치평동) 26번지",062-574-7975
AB0179,닥터 아이펫 동물병원,278-98-10178,건강검진 및 예방접종 전문병원,광주광역시 서구 중앙로 74 (치평동) 26번지,062-419-7582
AB0180,행복이 있는 동물병원,279-99-10179,수술 전문 동물병원,광주광역시 서구 상무평화로 1 (상무동) 26번지,062-571-0011
AB0181,보담동물병원,280-10-10180,반려동물의 건강한 삶을 위한 토탈케어,광주광역시 서구 농성동 167 (농성동) 26번지,062-526-3575
AB0182,금호동물병원,281-11-10181,최신 의료장비와 숙련된 수의사진,광주광역시 서구 상무대로 471번길 101-102 (삼각동) 26번지,062-576-7585
AB0183,오라고동물병원,282-12-10182,반려동물과 가족을 위한 따뜻한 병원,광주광역시 서구 치평로305번길 8 (하남동) 27번지,062-571-9114
AB0184,팜랜드동물병원,283-13-10183,정확한 진단과 세심한 치료,광주광역시 서구 상무대로 37-6 (상무동) 27번지,
AB0185,대현동물병원,284-14-10184,반려동물의 평생 주치의,"광주광역시 서구 상무연신로 371, 1층 (치평동) 27번지",062-574-7975
AB0186,서서울호수동물병원,285-15-10185,전문적이고 신뢰할 수 있는 동물의료,광주광역시 서구 중앙로 74 (치평동) 27번지,062-419-7582
AB0187,바른동물병원,286-16-10186,사랑과 정성으로 치료하는 병원,광주광역시 서구 상무평화로 1 (상무동) 27번지,062-571-0011
AB0188,기린동물병원,287-17-10187,반려동물의 건강을 최우선으로 생각,광주광역시 서구 농성동 167 (농성동) 27번지,062-526-3575
AB0189,한나동물병원,288-18-10188,첨단 장비와 풍부한 경험의 조화,광주광역시 서구 상무대로 471번길 101-102 (삼각동) 27번지,062-576-7585
AB0190,서초힐스동물병원,289-19-10189,반려동물 응급의료 전문센터,광주광역시 서구 치평로305번길 8 (하남동) 28번지,062-571-9114
AB0191,늘푸른동물병원,290-20-10190,개와 고양이 전문 치료병원,광주광역시 서구 상무대로 37-6 (상무동) 28번지,
AB0192,프렌즈동물병원,291-21-10191,"내과, 외과, 치과 전문의료진 보유","광주광역시 서구 상무연신로 371, 1층 (치평동) 28번지",062-574-7975
AB0193,반려동물 의료센터 다울,292-22-10192,디지털 방사선 촬영 및 초음파 진단,광주광역시 서구 중앙로 74 (치평동) 28번지,062-419-7582
AB0194,메디펫 동물병원,293-23-10193,반려동물 미용 및 호텔 서비스 제공,광주광역시 서구 상무평화로 1 (상무동) 28번지,062-571-0011
AB0195,헬릭스동물메디컬센터,294-24-10194,중성화 수술 및 치과치료 전문,광주광역시 서구 농성동 167 (농성동) 28번지,062-526-3575
AB0196,녹번동물병원,295-25-10195,예방의학 중심의 건강관리 프로그램,광주광역시 서구 상무대로 471번길 101-102 (삼각동) 28번지,062-576-7585
AB0197,파란종합 동물병원,296-26-10196,노령동물 전문 케어 서비스,광주광역시 서구 치평로305번길 8 (하남동) 29번지,062-571-9114
AB0198,새은평동물의료센터,297-27-10197,행동교정 및 훈련 상담 제공,광주광역시 서구 상무대로 37-6 (상무동) 29번지,
AB0199,사랑의동물병원,298-28-10198,한방치료 및 재활치료 전문,"광주광역시 서구 상무연신로 371, 1층 (치평동) 29번지",062-574-7975
AB0200,한 동물병원,299-29-10199,야생동물 및 특수동물 진료 가능,광주광역시 서구 중앙로 74 (치평동) 29번지,062-419-7582
AC0201,라파엘동물병원,300-30-10200,친절한 진료와 최신 장비로 반려동물을 돌보는 병원,광주광역시 서구 상무평화로 1 (상무동) 29번지,062-571-0011
AC0202,일오삼동물병원,301-31-10201,24시간 응급진료 서비스 제공,광주광역시 서구 농성동 167 (농성동) 29번지,062-526-3575
AC0203,행복한동물병원,302-32-10202,반려동물 전문 의료진이 있는 병원,광주광역시 서구 상무대로 471번길 101-102 (삼각동) 29번지,062-576-7585
AC0204,상아동물병원,303-33-10203,건강검진 및 예방접종 전문병원,광주광역시 서구 치평로305번길 8 (하남동) 30번지,062-571-9114
AC0205,목동 동물병원,304-34-10204,수술 전문 동물병원,광주광역시 서구 상무대로 37-6 (상무동) 30번지,
AC0206,로얄동물암치료센터,305-35-10205,반려동물의 건강한 삶을 위한 토탈케어,"광주광역시 서구 상무연신로 371, 1층 (치평동) 30번지",062-574-7975
AC0207,신당 좋아요 동물병원,306-36-10206,최신 의료장비와 숙련된 수의사진,광주광역시 서구 중앙로 74 (치평동) 30번지,062-419-7582
AC0208,도담동물병원(출장진료전문 동물병원),307-37-10207,반려동물과 가족을 위한 따뜻한 병원,광주광역시 서구 상무평화로 1 (상무동) 30번지,062-571-0011
AC0209,라임동물병원,308-38-10208,정확한 진단과 세심한 치료,광주광역시 서구 농성동 167 (농성동) 30번지,062-526-3575
AC0210,태능동물병원,309-39-10209,반려동물의 평생 주치의,광주광역시 서구 상무대로 471번길 101-102 (삼각동) 30번지,062-576-7585
AC0211,보람동물병원,310-40-10210,전문적이고 신뢰할 수 있는 동물의료,광주광역시 서구 치평로305번길 8 (하남동) 31번지,062-571-9114
AC0212,엔젤동물병원,311-41-10211,사랑과 정성으로 치료하는 병원,광주광역시 서구 상무대로 37-6 (상무동) 31번지,
AC0213,홍상희동물병원,312-42-10212,반려동물의 건강을 최우선으로 생각,"광주광역시 서구 상무연신로 371, 1층 (치평동) 31번지",062-574-7975
AC0214,하스펫탈동물병원,313-43-10213,첨단 장비와 풍부한 경험의 조화,광주광역시 서구 중앙로 74 (치평동) 31번지,062-419-7582
AC0215,미니주동물병원,314-44-10214,반려동물 응급의료 전문센터,광주광역시 서구 상무평화로 1 (상무동) 31번지,062-571-0011
AC0216,신내동물병원,315-45-10215,개와 고양이 전문 치료병원,광주광역시 서구 농성동 167 (농성동) 31번지,062-526-3575
AC0217,진정훈동물병원,316-46-10216,"내과, 외과, 치과 전문의료진 보유",광주광역시 서구 상무대로 471번길 101-102 (삼각동) 31번지,062-576-7585
AC0218,성지동물병원,317-47-10217,디지털 방사선 촬영 및 초음파 진단,광주광역시 서구 치평로305번길 8 (하남동) 32번지,062-571-9114
AC0219,금란동물병원,318-48-10218,반려동물 미용 및 호텔 서비스 제공,광주광역시 서구 상무대로 37-6 (상무동) 32번지,
AC0220,연희동물병원,319-49-10219,중성화 수술 및 치과치료 전문,"광주광역시 서구 상무연신로 371, 1층 (치평동) 32번지",062-574-7975
AC0221,리즈동물병원,320-50-10220,예방의학 중심의 건강관리 프로그램,광주광역시 서구 중앙로 74 (치평동) 32번지,062-419-7582
AC0222,평생피부과동물병원,321-51-10221,노령동물 전문 케어 서비스,광주광역시 서구 상무평화로 1 (상무동) 32번지,062-571-0011
AC0223,리즈동물병원,322-52-10222,행동교정 및 훈련 상담 제공,광주광역시 서구 농성동 167 (농성동) 32번지,062-526-3575
AC0224,참사랑동물병원,323-53-10223,한방치료 및 재활치료 전문,광주광역시 서구 상무대로 471번길 101-102 (삼각동) 32번지,062-576-7585
AC0225,금쪽같은내새끼 동물병원,324-54-10224,야생동물 및 특수동물 진료 가능,광주광역시 서구 치평로305번길 8 (하남동) 33번지,062-571-9114
AC0226,한마음동물병원,325-55-10225,친절한 진료와 최신 장비로 반려동물을 돌보는 병원,광주광역시 서구 상무대로 37-6 (상무동) 33번지,
AC0227,우리덕구동물병원,326-56-10226,24시간 응급진료 서비스 제공,"광주광역시 서구 상무연신로 371, 1층 (치평동) 33번지",062-574-7975
AC0228,가든펫동물병원,327-57-10227,반려동물 전문 의료진이 있는 병원,광주광역시 서구 중앙로 74 (치평동) 33번지,062-419-7582
AC0229,응암동물병원,328-58-10228,건강검진 및 예방접종 전문병원,광주광역시 서구 상무평화로 1 (상무동) 33번지,062-571-0011
AC0230,김정복동물병원,329-59-10229,수술 전문 동물병원,광주광역시 서구 농성동 167 (농성동) 33번지,062-526-3575
AC0231,불광동물병원,330-60-10230,반려동물의 건강한 삶을 위한 토탈케어,광주광역시 서구 상무대로 471번길 101-102 (삼각동) 33번지,062-576-7585
AC0232,한얼동물병원,331-61-10231,최신 의료장비와 숙련된 수의사진,광주광역시 서구 치평로305번길 8 (하남동) 34번지,062-571-9114
AC0233,신풍동물종합병원,332-62-10232,반려동물과 가족을 위한 따뜻한 병원,광주광역시 서구 상무대로 37-6 (상무동) 34번지,
AC0234,대방동물병원,333-63-10233,정확한 진단과 세심한 치료,"광주광역시 서구 상무연신로 371, 1층 (치평동) 34번지",062-574-7975
AC0235,주연동물병원,334-64-10234,반려동물의 평생 주치의,광주광역시 서구 중앙로 74 (치평동) 34번지,062-419-7582
AC0236,진서동물병원,335-65-10235,전문적이고 신뢰할 수 있는 동물의료,광주광역시 서구 상무평화로 1 (상무동) 34번지,062-571-0011
AC0237,세진동물병원,336-66-10236,사랑과 정성으로 치료하는 병원,광주광역시 서구 농성동 167 (농성동) 34번지,062-526-3575
AC0238,숲속동물병원,337-67-10237,반려동물의 건강을 최우선으로 생각,광주광역시 서구 상무대로 471번길 101-102 (삼각동) 34번지,062-576-7585
AC0239,마음을 나누는 동물병원,338-68-10238,첨단 장비와 풍부한 경험의 조화,광주광역시 서구 치평로305번길 8 (하남동) 35번지,062-571-9114
AC0240,신영동물병원,339-69-10239,반려동물 응급의료 전문센터,광주광역시 서구 상무대로 37-6 (상무동) 35번지,
AC0241,면목동물병원,340-70-10240,개와 고양이 전문 치료병원,"광주광역시 서구 상무연신로 371, 1층 (치평동) 35번지",062-574-7975
AC0242,하니동물병원,341-71-10241,"내과, 외과, 치과 전문의료진 보유",광주광역시 서구 중앙로 74 (치평동) 35번지,062-419-7582
AC0243,한국동물메디컬센터(KAMC),342-72-10242,디지털 방사선 촬영 및 초음파 진단,광주광역시 서구 상무평화로 1 (상무동) 35번지,062-571-0011
AC0244,라파엘종합동물병원,343-73-10243,반려동물 미용 및 호텔 서비스 제공,광주광역시 서구 농성동 167 (농성동) 35번지,062-526-3575
AC0245,프란다스동물병원,344-74-10244,중성화 수술 및 치과치료 전문,광주광역시 서구 상무대로 471번길 101-102 (삼각동) 35번지,062-576-7585
AC0246,삼동종합가축병원약품,345-75-10245,예방의학 중심의 건강관리 프로그램,광주광역시 서구 치평로305번길 8 (하남동) 36번지,062-571-9114
AC0247,24시 쓰담쓰담 동물메디컬 센터,346-76-10246,노령동물 전문 케어 서비스,광주광역시 서구 상무대로 37-6 (상무동) 36번지,
AC0248,더존 동물병원,347-77-10247,행동교정 및 훈련 상담 제공,"광주광역시 서구 상무연신로 371, 1층 (치평동) 36번지",062-574-7975
AC0249,샤인동물메디컬센터,348-78-10248,한방치료 및 재활치료 전문,광주광역시 서구 중앙로 74 (치평동) 36번지,062-419-7582
AC0250,도담동물병원,349-79-10249,야생동물 및 특수동물 진료 가능,광주광역시 서구 상무평화로 1 (상무동) 36번지,062-571-0011
AC0251,내포동물의료센터,350-80-10250,친절한 진료와 최신 장비로 반려동물을 돌보는 병원,광주광역시 서구 농성동 167 (농성동) 36번지,062-526-3575
AC0252,비타민동물병원,351-81-10251,24시간 응급진료 서비스 제공,광주광역시 서구 상무대로 471번길 101-102 (삼각동) 36번지,062-576-7585
AC0253,킴스동물병원,352-82-10252,반려동물 전문 의료진이 있는 병원,광주광역시 서구 치평로305번길 8 (하남동) 37번지,062-571-9114
AC0254,365동판교동물병원,353-83-10253,건강검진 및 예방접종 전문병원,광주광역시 서구 상무대로 37-6 (상무동) 37번지,
AC0255,가온동물병원,354-84-10254,수술 전문 동물병원,"광주광역시 서구 상무연신로 371, 1층 (치평동) 37번지",062-574-7975
AC0256,제주오름동물병원,355-85-10255,반려동물의 건강한 삶을 위한 토탈케어,광주광역시 서구 중앙로 74 (치평동) 37번지,062-419-7582
AC0257,큰동물병원,356-86-10256,최신 의료장비와 숙련된 수의사진,광주광역시 서구 상무평화로 1 (상무동) 37번지,062-571-0011
AC0258,율곡동물병원,357-87-10257,반려동물과 가족을 위한 따뜻한 병원,광주광역시 서구 농성동 167 (농성동) 37번지,062-526-3575
AC0259,김영대 동물병원,358-88-10258,정확한 진단과 세심한 치료,광주광역시 서구 상무대로 471번길 101-102 (삼각동) 37번지,062-576-7585
AC0260,문정힐스 동물병원,359-89-10259,반려동물의 평생 주치의,광주광역시 서구 치평로305번길 8 (하남동) 38번지,062-571-9114
AC0261,24시 블루밍 동물병원,360-90-10260,전문적이고 신뢰할 수 있는 동물의료,광주광역시 서구 상무대로 37-6 (상무동) 38번지,
AC0262,우산동물병원,361-91-10261,사랑과 정성으로 치료하는 병원,"광주광역시 서구 상무연신로 371, 1층 (치평동) 38번지",062-574-7975
AC0263,24시루시드동물메디컬센터,362-92-10262,반려동물의 건강을 최우선으로 생각,광주광역시 서구 중앙로 74 (치평동) 38번지,062-419-7582
AC0264,은하수 동물병원,363-93-10263,첨단 장비와 풍부한 경험의 조화,광주광역시 서구 상무평화로 1 (상무동) 38번지,062-571-0011
AC0265,새솔동물병원,364-94-10264,반려동물 응급의료 전문센터,광주광역시 서구 농성동 167 (농성동) 38번지,062-526-3575
AC0266,관문동물병원,365-95-10265,개와 고양이 전문 치료병원,광주광역시 서구 상무대로 471번길 101-102 (삼각동) 38번지,062-576-7585
AC0267,아이본 동물병원,366-96-10266,"내과, 외과, 치과 전문의료진 보유",광주광역시 서구 치평로305번길 8 (하남동) 39번지,062-571-9114
AC0268,산내동물병원,367-97-10267,디지털 방사선 촬영 및 초음파 진단,광주광역시 서구 상무대로 37-6 (상무동) 39번지,
AC0269,유병국 동물병원,368-98-10268,반려동물 미용 및 호텔 서비스 제공,"광주광역시 서구 상무연신로 371, 1층 (치평동) 39번지",062-574-7975
AC0270,하나카동물병원,369-99-10269,중성화 수술 및 치과치료 전문,광주광역시 서구 중앙로 74 (치평동) 39번지,062-419-7582
AC0271,드림동물병원,370-10-10270,예방의학 중심의 건강관리 프로그램,광주광역시 서구 상무평화로 1 (상무동) 39번지,062-571-0011
AC0272,돌봄동물메디컬클리닉,371-11-10271,노령동물 전문 케어 서비스,광주광역시 서구 농성동 167 (농성동) 39번지,062-526-3575
AC0273,마음동물병원,372-12-10272,행동교정 및 훈련 상담 제공,광주광역시 서구 상무대로 471번길 101-102 (삼각동) 39번지,062-576-7585
AC0274,튼튼동물병원,373-13-10273,한방치료 및 재활치료 전문,광주광역시 서구 치평로305번길 8 (하남동) 40번지,062-571-9114
AC0275,수목원동물병원,374-14-10274,야생동물 및 특수동물 진료 가능,광주광역시 서구 상무대로 37-6 (상무동) 40번지,
AC0276,나라 동물병원,375-15-10275,친절한 진료와 최신 장비로 반려동물을 돌보는 병원,"광주광역시 서구 상무연신로 371, 1층 (치평동) 40번지",062-574-7975
AC0277,다봄 동물의료센터,376-16-10276,24시간 응급진료 서비스 제공,광주광역시 서구 중앙로 74 (치평동) 40번지,062-419-7582
AC0278,동행동물병원,377-17-10277,반려동물 전문 의료진이 있는 병원,광주광역시 서구 상무평화로 1 (상무동) 40번지,062-571-0011
AC0279,하하동물병원,378-18-10278,건강검진 및 예방접종 전문병원,광주광역시 서구 농성동 167 (농성동) 40번지,062-526-3575
AC0280,분당데이지동물병원,379-19-10279,수술 전문 동물병원,광주광역시 서구 상무대로 471번길 101-102 (삼각동) 40번지,062-576-7585
AC0281,아프리카동물병원,380-20-10280,반려동물의 건강한 삶을 위한 토탈케어,광주광역시 서구 치평로305번길 8 (하남동) 41번지,062-571-9114
AC0282,라파엘 동물병원,381-21-10281,최신 의료장비와 숙련된 수의사진,광주광역시 서구 상무대로 37-6 (상무동) 41번지,
AC0283,해와달동물병원,382-22-10282,반려동물과 가족을 위한 따뜻한 병원,"광주광역시 서구 상무연신로 371, 1층 (치평동) 41번지",062-574-7975
AC0284,성모동물병원,383-23-10283,정확한 진단과 세심한 치료,광주광역시 서구 중앙로 74 (치평동) 41번지,062-419-7582
AC0285,캐나다동물병원,384-24-10284,반려동물의 평생 주치의,광주광역시 서구 상무평화로 1 (상무동) 41번지,062-571-0011
AC0286,윤 동물병원,385-25-10285,전문적이고 신뢰할 수 있는 동물의료,광주광역시 서구 농성동 167 (농성동) 41번지,062-526-3575
AC0287,미사 센트럴 동물병원,386-26-10286,사랑과 정성으로 치료하는 병원,광주광역시 서구 상무대로 471번길 101-102 (삼각동) 41번지,062-576-7585
AC0288,남산연합동물병원,387-27-10287,반려동물의 건강을 최우선으로 생각,광주광역시 서구 치평로305번길 8 (하남동) 42번지,062-571-9114
AC0289,24시 동대문 루시드 동물메디컬센터,388-28-10288,첨단 장비와 풍부한 경험의 조화,광주광역시 서구 상무대로 37-6 (상무동) 42번지,
AC0290,치유동물병원,389-29-10289,반려동물 응급의료 전문센터,"광주광역시 서구 상무연신로 371, 1층 (치평동) 42번지",062-574-7975
AC0291,장승준동물치과병원,390-30-10290,개와 고양이 전문 치료병원,광주광역시 서구 중앙로 74 (치평동) 42번지,062-419-7582
AC0292,정원동물병원,391-31-10291,"내과, 외과, 치과 전문의료진 보유",광주광역시 서구 상무평화로 1 (상무동) 42번지,062-571-0011
AC0293,The Ark(디아크),392-32-10292,디지털 방사선 촬영 및 초음파 진단,광주광역시 서구 농성동 167 (농성동) 42번지,062-526-3575
AC0294,세림동물병원(출장진료 전문),393-33-10293,반려동물 미용 및 호텔 서비스 제공,광주광역시 서구 상무대로 471번길 101-102 (삼각동) 42번지,062-576-7585
AC0295,서울동물병원,394-34-10294,중성화 수술 및 치과치료 전문,광주광역시 서구 치평로305번길 8 (하남동) 43번지,062-571-9114
AC0296,수색동물병원,395-35-10295,예방의학 중심의 건강관리 프로그램,광주광역시 서구 상무대로 37-6 (상무동) 43번지,
AC0297,라비동물병원,396-36-10296,노령동물 전문 케어 서비스,"광주광역시 서구 상무연신로 371, 1층 (치평동) 43번지",062-574-7975
AC0298,안양김준동물병원,397-37-10297,행동교정 및 훈련 상담 제공,광주광역시 서구 중앙로 74 (치평동) 43번지,062-419-7582
AC0299,뉴욕동물병원,398-38-10298,한방치료 및 재활치료 전문,광주광역시 서구 상무평화로 1 (상무동) 43번지,062-571-0011
AC0300,계절엔 동물의료센터,399-39-10299,야생동물 및 특수동물 진료 가능,광주광역시 서구 농성동 167 (농성동) 43번지,062-526-3575
AD0301,산청동물의료센터,400-40-10300,친절한 진료와 최신 장비로 반려동물을 돌보는 병원,광주광역시 서구 상무대로 471번길 101-102 (삼각동) 43번지,062-576-7585
AD0302,바른동물병원,401-41-10301,24시간 응급진료 서비스 제공,광주광역시 서구 치평로305번길 8 (하남동) 44번지,062-571-9114
AD0303,마레동물병원,402-42-10302,반려동물 전문 의료진이 있는 병원,광주광역시 서구 상무대로 37-6 (상무동) 44번지,
AD0304,가양동물의료센터,403-43-10303,건강검진 및 예방접종 전문병원,"광주광역시 서구 상무연신로 371, 1층 (치평동) 44번지",062-574-7975
AD0305,헤이든동물병원,404-44-10304,수술 전문 동물병원,광주광역시 서구 중앙로 74 (치평동) 44번지,062-419-7582
AD0306,선진브릿지랩동물병원「산업동물 출장진료 전문」,405-45-10305,반려동물의 건강한 삶을 위한 토탈케어,광주광역시 서구 상무평화로 1 (상무동) 44번지,062-571-0011
AD0307,웰니스동물병원,406-46-10306,최신 의료장비와 숙련된 수의사진,광주광역시 서구 농성동 167 (농성동) 44번지,062-526-3575
AD0308,한걸음더 재활한방 동물병원,407-47-10307,반려동물과 가족을 위한 따뜻한 병원,광주광역시 서구 상무대로 471번길 101-102 (삼각동) 44번지,062-576-7585
AD0309,하이동물병원,408-48-10308,정확한 진단과 세심한 치료,광주광역시 서구 치평로305번길 8 (하남동) 45번지,062-571-9114
AD0310,호랑이 동물병원,409-49-10309,반려동물의 평생 주치의,광주광역시 서구 상무대로 37-6 (상무동) 45번지,
AD0311,뉴욕동물병원「산업동물 출장진료 전문」,410-50-10310,전문적이고 신뢰할 수 있는 동물의료,"광주광역시 서구 상무연신로 371, 1층 (치평동) 45번지",062-574-7975
AD0312,경서동물병원,411-51-10311,사랑과 정성으로 치료하는 병원,광주광역시 서구 중앙로 74 (치평동) 45번지,062-419-7582
AD0313,포레동물병원,412-52-10312,반려동물의 건강을 최우선으로 생각,광주광역시 서구 상무평화로 1 (상무동) 45번지,062-571-0011
AD0314,더 포레 동물병원,413-53-10313,첨단 장비와 풍부한 경험의 조화,광주광역시 서구 농성동 167 (농성동) 45번지,062-526-3575
AD0315,소정동물병원,414-54-10314,반려동물 응급의료 전문센터,광주광역시 서구 상무대로 471번길 101-102 (삼각동) 45번지,062-576-7585
AD0316,한샘동물병원,415-55-10315,개와 고양이 전문 치료병원,광주광역시 서구 치평로305번길 8 (하남동) 46번지,062-571-9114
AD0317,선산동물병원,416-56-10316,"내과, 외과, 치과 전문의료진 보유",광주광역시 서구 상무대로 37-6 (상무동) 46번지,
AD0318,해뜨는 동물병원,417-57-10317,디지털 방사선 촬영 및 초음파 진단,"광주광역시 서구 상무연신로 371, 1층 (치평동) 46번지",062-574-7975
AD0319,다정한 동물병원,418-58-10318,반려동물 미용 및 호텔 서비스 제공,광주광역시 서구 중앙로 74 (치평동) 46번지,062-419-7582
AD0320,대경동물병원,419-59-10319,중성화 수술 및 치과치료 전문,광주광역시 서구 상무평화로 1 (상무동) 46번지,062-571-0011
AD0321,PNH 동물병원,420-60-10320,예방의학 중심의 건강관리 프로그램,광주광역시 서구 농성동 167 (농성동) 46번지,062-526-3575
AD0322,은쌤동물병원,421-61-10321,노령동물 전문 케어 서비스,광주광역시 서구 상무대로 471번길 101-102 (삼각동) 46번지,062-576-7585
AD0323,석촌호수동물병원,422-62-10322,행동교정 및 훈련 상담 제공,광주광역시 서구 치평로305번길 8 (하남동) 47번지,062-571-9114
AD0324,순천시 반려유기동물 공공진료소,423-63-10323,한방치료 및 재활치료 전문,광주광역시 서구 상무대로 37-6 (상무동) 47번지,
AD0325,다란동물병원,424-64-10324,야생동물 및 특수동물 진료 가능,"광주광역시 서구 상무연신로 371, 1층 (치평동) 47번지",062-574-7975
AD0326,보타닉동물병원,425-65-10325,친절한 진료와 최신 장비로 반려동물을 돌보는 병원,광주광역시 서구 중앙로 74 (치평동) 47번지,062-419-7582
AD0327,도원동물병원(출장전문),426-66-10326,24시간 응급진료 서비스 제공,광주광역시 서구 상무평화로 1 (상무동) 47번지,062-571-0011
AD0328,웜벳동물병원,427-67-10327,반려동물 전문 의료진이 있는 병원,광주광역시 서구 농성동 167 (농성동) 47번지,062-526-3575
AD0329,아인동물의료센터,428-68-10328,건강검진 및 예방접종 전문병원,광주광역시 서구 상무대로 471번길 101-102 (삼각동) 47번지,062-576-7585
AD0330,서울하이동물의료센터,429-69-10329,수술 전문 동물병원,광주광역시 서구 치평로305번길 8 (하남동) 48번지,062-571-9114
AD0331,건강한동물병원,430-70-10330,반려동물의 건강한 삶을 위한 토탈케어,광주광역시 서구 상무대로 37-6 (상무동) 48번지,
AD0332,늘봄 동물병원,431-71-10331,최신 의료장비와 숙련된 수의사진,"광주광역시 서구 상무연신로 371, 1층 (치평동) 48번지",062-574-7975
AD0333,광진동물의료센터,432-72-10332,반려동물과 가족을 위한 따뜻한 병원,광주광역시 서구 중앙로 74 (치평동) 48번지,062-419-7582
AD0334,소나무동물병원(출장전문),433-73-10333,정확한 진단과 세심한 치료,광주광역시 서구 상무평화로 1 (상무동) 48번지,062-571-0011
AD0335,동물진료법인피케이동물병원,434-74-10334,반려동물의 평생 주치의,광주광역시 서구 농성동 167 (농성동) 48번지,062-526-3575
AD0336,합천동물병원,435-75-10335,전문적이고 신뢰할 수 있는 동물의료,광주광역시 서구 상무대로 471번길 101-102 (삼각동) 48번지,062-576-7585
AD0337,청송영양축협 동물병원(출장진료전문),436-76-10336,사랑과 정성으로 치료하는 병원,광주광역시 서구 치평로305번길 8 (하남동) 49번지,062-571-9114
AD0338,이로운동물병원,437-77-10337,반려동물의 건강을 최우선으로 생각,광주광역시 서구 상무대로 37-6 (상무동) 49번지,
AD0339,안양동물병원,438-78-10338,첨단 장비와 풍부한 경험의 조화,"광주광역시 서구 상무연신로 371, 1층 (치평동) 49번지",062-574-7975
AD0340,수현동물병원,439-79-10339,반려동물 응급의료 전문센터,광주광역시 서구 중앙로 74 (치평동) 49번지,062-419-7582
AD0341,해마루 동물병원,440-80-10340,개와 고양이 전문 치료병원,광주광역시 서구 상무평화로 1 (상무동) 49번지,062-571-0011
AD0342,로얄동물외과수술센터,441-81-10341,"내과, 외과, 치과 전문의료진 보유",광주광역시 서구 농성동 167 (농성동) 49번지,062-526-3575
AD0343,반려동물병원,442-82-10342,디지털 방사선 촬영 및 초음파 진단,광주광역시 서구 상무대로 471번길 101-102 (삼각동) 49번지,062-576-7585
AD0344,정이동물병원,443-83-10343,반려동물 미용 및 호텔 서비스 제공,광주광역시 서구 치평로305번길 8 (하남동) 50번지,062-571-9114
AD0345,YJ Animal Clinic,444-84-10344,중성화 수술 및 치과치료 전문,광주광역시 서구 상무대로 37-6 (상무동) 50번지,
AD0346,국동물병원,445-85-10345,예방의학 중심의 건강관리 프로그램,"광주광역시 서구 상무연신로 371, 1층 (치평동) 50번지",062-574-7975
AD0347,통영숲동물의료센터,446-86-10346,노령동물 전문 케어 서비스,광주광역시 서구 중앙로 74 (치평동) 50번지,062-419-7582
AD0348,가람동물병원,447-87-10347,행동교정 및 훈련 상담 제공,광주광역시 서구 상무평화로 1 (상무동) 50번지,062-571-0011
AD0349,제이엘동물병원,448-88-10348,한방치료 및 재활치료 전문,광주광역시 서구 농성동 167 (농성동) 50번지,062-526-3575
AD0350,광장동물병원,449-89-10349,야생동물 및 특수동물 진료 가능,광주광역시 서구 상무대로 471번길 101-102 (삼각동) 50번지,062-576-7585
AD0351,용산종합동물병원,450-90-10350,친절한 진료와 최신 장비로 반려동물을 돌보는 병원,광주광역시 서구 치평로305번길 8 (하남동) 51번지,062-571-9114
AD0352,온누리동물병원,451-91-10351,24시간 응급진료 서비스 제공,광주광역시 서구 상무대로 37-6 (상무동) 51번지,
AD0353,문종합동물병원,452-92-10352,반려동물 전문 의료진이 있는 병원,"광주광역시 서구 상무연신로 371, 1층 (치평동) 51번지",062-574-7975
AD0354,세림종합동물병원,453-93-10353,건강검진 및 예방접종 전문병원,광주광역시 서구 중앙로 74 (치평동) 51번지,062-419-7582
AD0355,미르동물병원,454-94-10354,수술 전문 동물병원,광주광역시 서구 상무평화로 1 (상무동) 51번지,062-571-0011
AD0356,박순복동물병원,455-95-10355,반려동물의 건강한 삶을 위한 토탈케어,광주광역시 서구 농성동 167 (농성동) 51번지,062-526-3575
AD0357,이스턴24시동물병원,456-96-10356,최신 의료장비와 숙련된 수의사진,광주광역시 서구 상무대로 471번길 101-102 (삼각동) 51번지,062-576-7585
AD0358,쿨펫동물병원,457-97-10357,반려동물과 가족을 위한 따뜻한 병원,광주광역시 서구 치평로305번길 8 (하남동) 52번지,062-571-9114
AD0359,쿨펫동물병원,458-98-10358,정확한 진단과 세심한 치료,광주광역시 서구 상무대로 37-6 (상무동) 52번지,
AD0360,앨리스동물병원,459-99-10359,반려동물의 평생 주치의,"광주광역시 서구 상무연신로 371, 1층 (치평동) 52번지",062-574-7975
AD0361,성서종합동물병원,460-10-10360,전문적이고 신뢰할 수 있는 동물의료,광주광역시 서구 중앙로 74 (치평동) 52번지,062-419-7582
AD0362,오 동물병원,461-11-10361,사랑과 정성으로 치료하는 병원,광주광역시 서구 상무평화로 1 (상무동) 52번지,062-571-0011
AD0363,두류동물병원,462-12-10362,반려동물의 건강을 최우선으로 생각,광주광역시 서구 농성동 167 (농성동) 52번지,062-526-3575
AD0364,킴스동물병원,463-13-10363,첨단 장비와 풍부한 경험의 조화,광주광역시 서구 상무대로 471번길 101-102 (삼각동) 52번지,062-576-7585
AD0365,변수의과동물병원,464-14-10364,반려동물 응급의료 전문센터,광주광역시 서구 치평로305번길 8 (하남동) 53번지,062-571-9114
AD0366,21세기종합동물병원,465-15-10365,개와 고양이 전문 치료병원,광주광역시 서구 상무대로 37-6 (상무동) 53번지,
AD0367,동대구동물의료센터,466-16-10366,"내과, 외과, 치과 전문의료진 보유","광주광역시 서구 상무연신로 371, 1층 (치평동) 53번지",062-574-7975
AD0368,이끌림동물병원,467-17-10367,디지털 방사선 촬영 및 초음파 진단,광주광역시 서구 중앙로 74 (치평동) 53번지,062-419-7582
AD0369,대구동물병원,468-18-10368,반려동물 미용 및 호텔 서비스 제공,광주광역시 서구 상무평화로 1 (상무동) 53번지,062-571-0011
AD0370,율하동물병원,469-19-10369,중성화 수술 및 치과치료 전문,광주광역시 서구 농성동 167 (농성동) 53번지,062-526-3575
AD0371,박물관옆동물병원,470-20-10370,예방의학 중심의 건강관리 프로그램,광주광역시 서구 상무대로 471번길 101-102 (삼각동) 53번지,062-576-7585
AD0372,25시종합동물병원,471-21-10371,노령동물 전문 케어 서비스,광주광역시 서구 치평로305번길 8 (하남동) 54번지,062-571-9114
AD0373,헬로우동물병원,472-22-10372,행동교정 및 훈련 상담 제공,광주광역시 서구 상무대로 37-6 (상무동) 54번지,
AD0374,어진종합동물병원,473-23-10373,한방치료 및 재활치료 전문,"광주광역시 서구 상무연신로 371, 1층 (치평동) 54번지",062-574-7975
AD0375,이시아동물병원,474-24-10374,야생동물 및 특수동물 진료 가능,광주광역시 서구 중앙로 74 (치평동) 54번지,062-419-7582
AD0376,열린동물병원,475-25-10375,친절한 진료와 최신 장비로 반려동물을 돌보는 병원,광주광역시 서구 상무평화로 1 (상무동) 54번지,062-571-0011
AD0377,봄이온동물병원,476-26-10376,24시간 응급진료 서비스 제공,광주광역시 서구 농성동 167 (농성동) 54번지,062-526-3575
AD0378,허동물병원,477-27-10377,반려동물 전문 의료진이 있는 병원,광주광역시 서구 상무대로 471번길 101-102 (삼각동) 54번지,062-576-7585
AD0379,수성동물병원,478-28-10378,건강검진 및 예방접종 전문병원,광주광역시 서구 치평로305번길 8 (하남동) 55번지,062-571-9114
AD0380,초록동물병원,479-29-10379,수술 전문 동물병원,광주광역시 서구 상무대로 37-6 (상무동) 55번지,
AD0381,올펫 동물병원,480-30-10380,반려동물의 건강한 삶을 위한 토탈케어,"광주광역시 서구 상무연신로 371, 1층 (치평동) 55번지",062-574-7975
AD0382,다원 동물병원,481-31-10381,최신 의료장비와 숙련된 수의사진,광주광역시 서구 중앙로 74 (치평동) 55번지,062-419-7582
AD0383,수성 메트로 동물병원,482-32-10382,반려동물과 가족을 위한 따뜻한 병원,광주광역시 서구 상무평화로 1 (상무동) 55번지,062-571-0011
AD0384,위드동물병원,483-33-10383,정확한 진단과 세심한 치료,광주광역시 서구 농성동 167 (농성동) 55번지,062-526-3575
AD0385,두남자동물병원,484-34-10384,반려동물의 평생 주치의,광주광역시 서구 상무대로 471번길 101-102 (삼각동) 55번지,062-576-7585
AD0386,하나동물병원,485-35-10385,전문적이고 신뢰할 수 있는 동물의료,광주광역시 서구 치평로305번길 8 (하남동) 56번지,062-571-9114
AD0387,이룸동물병원,486-36-10386,사랑과 정성으로 치료하는 병원,광주광역시 서구 상무대로 37-6 (상무동) 56번지,
AD0388,애플동물병원,487-37-10387,반려동물의 건강을 최우선으로 생각,"광주광역시 서구 상무연신로 371, 1층 (치평동) 56번지",062-574-7975
AD0389,라파동물병원,488-38-10388,첨단 장비와 풍부한 경험의 조화,광주광역시 서구 중앙로 74 (치평동) 56번지,062-419-7582
AD0390,죽전동물메디컬센터,489-39-10389,반려동물 응급의료 전문센터,광주광역시 서구 상무평화로 1 (상무동) 56번지,062-571-0011
AD0391,미소동물병원,490-40-10390,개와 고양이 전문 치료병원,광주광역시 서구 농성동 167 (농성동) 56번지,062-526-3575
AD0392,24시프라임동물병원,491-41-10391,"내과, 외과, 치과 전문의료진 보유",광주광역시 서구 상무대로 471번길 101-102 (삼각동) 56번지,062-576-7585
AD0393,이솝동물병원,492-42-10392,디지털 방사선 촬영 및 초음파 진단,광주광역시 서구 치평로305번길 8 (하남동) 57번지,062-571-9114
AD0394,앨리스in동물병원,493-43-10393,반려동물 미용 및 호텔 서비스 제공,광주광역시 서구 상무대로 37-6 (상무동) 57번지,
AD0395,본리종합동물병원,494-44-10394,중성화 수술 및 치과치료 전문,"광주광역시 서구 상무연신로 371, 1층 (치평동) 57번지",062-574-7975
AD0396,본 동물메디컬센터 외과동물병원,495-45-10395,예방의학 중심의 건강관리 프로그램,광주광역시 서구 중앙로 74 (치평동) 57번지,062-419-7582
AD0397,해맑은동물병원,496-46-10396,노령동물 전문 케어 서비스,광주광역시 서구 상무평화로 1 (상무동) 57번지,062-571-0011
AD0398,한마음종합동물병원,497-47-10397,행동교정 및 훈련 상담 제공,광주광역시 서구 농성동 167 (농성동) 57번지,062-526-3575
AD0399,탑스동물메디컬센터,498-48-10398,한방치료 및 재활치료 전문,광주광역시 서구 상무대로 471번길 101-102 (삼각동) 57번지,062-576-7585
AD0400,이곡종합동물병원,499-49-10399,야생동물 및 특수동물 진료 가능,광주광역시 서구 치평로305번길 8 (하남동) 58번지,062-571-9114
AE0401,아프리카 동물병원,500-50-10400,친절한 진료와 최신 장비로 반려동물을 돌보는 병원,광주광역시 서구 상무대로 37-6 (상무동) 58번지,
AE0402,북부동물병원,501-51-10401,24시간 응급진료 서비스 제공,"광주광역시 서구 상무연신로 371, 1층 (치평동) 58번지",062-574-7975
AE0403,준 동물병원,502-52-10402,반려동물 전문 의료진이 있는 병원,광주광역시 서구 중앙로 74 (치평동) 58번지,062-419-7582
AE0404,라라(Lara) 동물병원,503-53-10403,건강검진 및 예방접종 전문병원,광주광역시 서구 상무평화로 1 (상무동) 58번지,062-571-0011
AE0405,태전동물병원,504-54-10404,수술 전문 동물병원,광주광역시 서구 농성동 167 (농성동) 58번지,062-526-3575
AE0406,키다리동물병원,505-55-10405,반려동물의 건강한 삶을 위한 토탈케어,광주광역시 서구 상무대로 471번길 101-102 (삼각동) 58번지,062-576-7585
AE0407,올리브동물병원,506-56-10406,최신 의료장비와 숙련된 수의사진,광주광역시 서구 치평로305번길 8 (하남동) 59번지,062-571-9114
AE0408,가온동물병원,507-57-10407,반려동물과 가족을 위한 따뜻한 병원,광주광역시 서구 상무대로 37-6 (상무동) 59번지,
AE0409,경북가축병원,508-58-10408,정확한 진단과 세심한 치료,"광주광역시 서구 상무연신로 371, 1층 (치평동) 59번지",062-574-7975
AE0410,칠곡종합동물병원,509-59-10409,반려동물의 평생 주치의,광주광역시 서구 중앙로 74 (치평동) 59번지,062-419-7582
AE0411,가람가축병원,510-60-10410,전문적이고 신뢰할 수 있는 동물의료,광주광역시 서구 상무평화로 1 (상무동) 59번지,062-571-0011
AE0412,두산동물병원,511-61-10411,사랑과 정성으로 치료하는 병원,광주광역시 서구 농성동 167 (농성동) 59번지,062-526-3575
AE0413,삼양가축병원,512-62-10412,반려동물의 건강을 최우선으로 생각,광주광역시 서구 상무대로 471번길 101-102 (삼각동) 59번지,062-576-7585
AE0414,우정 팜 크리닉,513-63-10413,첨단 장비와 풍부한 경험의 조화,광주광역시 서구 치평로305번길 8 (하남동) 60번지,062-571-9114
AE0415,가야동물병원,514-64-10414,반려동물 응급의료 전문센터,광주광역시 서구 상무대로 37-6 (상무동) 60번지,
AE0416,지수동물병원,515-65-10415,개와 고양이 전문 치료병원,"광주광역시 서구 상무연신로 371, 1층 (치평동) 60번지",062-574-7975
AE0417,녹십자동물병원,516-66-10416,"내과, 외과, 치과 전문의료진 보유",광주광역시 서구 중앙로 74 (치평동) 60번지,062-419-7582
AE0418,금오산낙협동물병원,517-67-10417,디지털 방사선 촬영 및 초음파 진단,광주광역시 서구 상무평화로 1 (상무동) 60번지,062-571-0011
AE0419,금오산낙농축협동물병원,518-68-10418,반려동물 미용 및 호텔 서비스 제공,광주광역시 서구 농성동 167 (농성동) 60번지,062-526-3575
AE0420,미래동물병원,519-69-10419,중성화 수술 및 치과치료 전문,광주광역시 서구 상무대로 471번길 101-102 (삼각동) 60번지,062-576-7585
AE0421,김천연합동물병원,520-70-10420,예방의학 중심의 건강관리 프로그램,광주광역시 서구 치평로305번길 8 (하남동) 61번지,062-571-9114
AE0422,구담가축병원,521-71-10421,노령동물 전문 케어 서비스,광주광역시 서구 상무대로 37-6 (상무동) 61번지,
AE0423,서울종합동물병원,522-72-10422,행동교정 및 훈련 상담 제공,"광주광역시 서구 상무연신로 371, 1층 (치평동) 61번지",062-574-7975
AE0424,보경종합동물병원,523-73-10423,한방치료 및 재활치료 전문,광주광역시 서구 중앙로 74 (치평동) 61번지,062-419-7582
AE0425,안동제1 동물병원,524-74-10424,야생동물 및 특수동물 진료 가능,광주광역시 서구 상무평화로 1 (상무동) 61번지,062-571-0011
AE0426,경상북도 야생동물 구조관리센터,525-75-10425,친절한 진료와 최신 장비로 반려동물을 돌보는 병원,광주광역시 서구 농성동 167 (농성동) 61번지,062-526-3575
AE0427,풍산동물병원,526-76-10426,24시간 응급진료 서비스 제공,광주광역시 서구 상무대로 471번길 101-102 (삼각동) 61번지,062-576-7585
AE0428,BAC 바른동물병원,527-77-10427,반려동물 전문 의료진이 있는 병원,광주광역시 서구 치평로305번길 8 (하남동) 62번지,062-571-9114
AE0429,대구가축병원,528-78-10428,건강검진 및 예방접종 전문병원,광주광역시 서구 상무대로 37-6 (상무동) 62번지,
AE0430,연합가축병원,529-79-10429,수술 전문 동물병원,"광주광역시 서구 상무연신로 371, 1층 (치평동) 62번지",062-574-7975
AE0431,황동물병원,530-80-10430,반려동물의 건강한 삶을 위한 토탈케어,광주광역시 서구 중앙로 74 (치평동) 62번지,062-419-7582
AE0432,보우종합동물병원,531-81-10431,최신 의료장비와 숙련된 수의사진,광주광역시 서구 상무평화로 1 (상무동) 62번지,062-571-0011
AE0433,안동봉화축협동물병원,532-82-10432,반려동물과 가족을 위한 따뜻한 병원,광주광역시 서구 농성동 167 (농성동) 62번지,062-526-3575
AE0434,영민동물병원,533-83-10433,정확한 진단과 세심한 치료,광주광역시 서구 상무대로 471번길 101-102 (삼각동) 62번지,062-576-7585
AE0435,신세계동물병원,534-84-10434,반려동물의 평생 주치의,광주광역시 서구 치평로305번길 8 (하남동) 63번지,062-571-9114
AE0436,Central 동물병원,535-85-10435,전문적이고 신뢰할 수 있는 동물의료,광주광역시 서구 상무대로 37-6 (상무동) 63번지,
AE0437,반딧불 동물병원,536-86-10436,사랑과 정성으로 치료하는 병원,"광주광역시 서구 상무연신로 371, 1층 (치평동) 63번지",062-574-7975
AE0438,금강동물병원,537-87-10437,반려동물의 건강을 최우선으로 생각,광주광역시 서구 중앙로 74 (치평동) 63번지,062-419-7582
AE0439,한국동물병원,538-88-10438,첨단 장비와 풍부한 경험의 조화,광주광역시 서구 상무평화로 1 (상무동) 63번지,062-571-0011
AE0440,우리동물병원,539-89-10439,반려동물 응급의료 전문센터,광주광역시 서구 농성동 167 (농성동) 63번지,062-526-3575
AE0441,수동물병원,540-90-10440,개와 고양이 전문 치료병원,광주광역시 서구 상무대로 471번길 101-102 (삼각동) 63번지,062-576-7585
AE0442,아산동물의료센터,541-91-10441,"내과, 외과, 치과 전문의료진 보유",광주광역시 서구 치평로305번길 8 (하남동) 64번지,062-571-9114
AE0443,수안동물병원(출장진료전문),542-92-10442,디지털 방사선 촬영 및 초음파 진단,광주광역시 서구 상무대로 37-6 (상무동) 64번지,
AE0444,선동물병원(출장진료전문),543-93-10443,반려동물 미용 및 호텔 서비스 제공,"광주광역시 서구 상무연신로 371, 1층 (치평동) 64번지",062-574-7975
AE0445,명동물병원,544-94-10444,중성화 수술 및 치과치료 전문,광주광역시 서구 중앙로 74 (치평동) 64번지,062-419-7582
AE0446,안 수의과병원,545-95-10445,예방의학 중심의 건강관리 프로그램,광주광역시 서구 상무평화로 1 (상무동) 64번지,062-571-0011
AE0447,숲속동물병원,546-96-10446,노령동물 전문 케어 서비스,광주광역시 서구 농성동 167 (농성동) 64번지,062-526-3575
AE0448,우사랑동물병원,547-97-10447,행동교정 및 훈련 상담 제공,광주광역시 서구 상무대로 471번길 101-102 (삼각동) 64번지,062-576-7585
AE0449,임만수 동물병원,548-98-10448,한방치료 및 재활치료 전문,광주광역시 서구 치평로305번길 8 (하남동) 65번지,062-571-9114
AE0450,대산 동물병원,549-99-10449,야생동물 및 특수동물 진료 가능,광주광역시 서구 상무대로 37-6 (상무동) 65번지,
AE0451,닥터차 동물병원,550-10-10450,친절한 진료와 최신 장비로 반려동물을 돌보는 병원,"광주광역시 서구 상무연신로 371, 1층 (치평동) 65번지",062-574-7975
AE0452,가나동물병원,551-11-10451,24시간 응급진료 서비스 제공,광주광역시 서구 중앙로 74 (치평동) 65번지,062-419-7582
AE0453,아산축산업협동조합(동물병원),552-12-10452,반려동물 전문 의료진이 있는 병원,광주광역시 서구 상무평화로 1 (상무동) 65번지,062-571-0011
AE0454,중부벳동물병원,553-13-10453,건강검진 및 예방접종 전문병원,광주광역시 서구 농성동 167 (농성동) 65번지,062-526-3575
AE0455,건국동물병원(출장진료전문),554-14-10454,수술 전문 동물병원,광주광역시 서구 상무대로 471번길 101-102 (삼각동) 65번지,062-576-7585
AE0456,닥터K동물병원,555-15-10455,반려동물의 건강한 삶을 위한 토탈케어,광주광역시 서구 치평로305번길 8 (하남동) 66번지,062-571-9114
AE0457,이동물병원,556-16-10456,최신 의료장비와 숙련된 수의사진,광주광역시 서구 상무대로 37-6 (상무동) 66번지,
AE0458,김광수동물병원,557-17-10457,반려동물과 가족을 위한 따뜻한 병원,"광주광역시 서구 상무연신로 371, 1층 (치평동) 66번지",062-574-7975
AE0459,정강동물병원,558-18-10458,정확한 진단과 세심한 치료,광주광역시 서구 중앙로 74 (치평동) 66번지,062-419-7582
AE0460,온양동물병원,559-19-10459,반려동물의 평생 주치의,광주광역시 서구 상무평화로 1 (상무동) 66번지,062-571-0011
AE0461,배방동물병원,560-20-10460,전문적이고 신뢰할 수 있는 동물의료,광주광역시 서구 농성동 167 (농성동) 66번지,062-526-3575
AE0462,주앤동물병원,561-21-10461,사랑과 정성으로 치료하는 병원,광주광역시 서구 상무대로 471번길 101-102 (삼각동) 66번지,062-576-7585
AE0463,한원동물병원,562-22-10462,반려동물의 건강을 최우선으로 생각,광주광역시 서구 치평로305번길 8 (하남동) 67번지,062-571-9114
AE0464,충무가축병원,563-23-10463,첨단 장비와 풍부한 경험의 조화,광주광역시 서구 상무대로 37-6 (상무동) 67번지,
AE0465,내포동물병원,564-24-10464,반려동물 응급의료 전문센터,"광주광역시 서구 상무연신로 371, 1층 (치평동) 67번지",062-574-7975
AE0466,서천가축병원,565-25-10465,개와 고양이 전문 치료병원,광주광역시 서구 중앙로 74 (치평동) 67번지,062-419-7582
AE0467,서해동물병원,566-26-10466,"내과, 외과, 치과 전문의료진 보유",광주광역시 서구 상무평화로 1 (상무동) 67번지,062-571-0011
AE0468,최가축병원,567-27-10467,디지털 방사선 촬영 및 초음파 진단,광주광역시 서구 농성동 167 (농성동) 67번지,062-526-3575
AE0469,국립생태원동물병원,568-28-10468,반려동물 미용 및 호텔 서비스 제공,광주광역시 서구 상무대로 471번길 101-102 (삼각동) 67번지,062-576-7585
AE0470,초원동물병원,569-29-10469,중성화 수술 및 치과치료 전문,광주광역시 서구 치평로305번길 8 (하남동) 68번지,062-571-9114
AE0471,금강동물병원,570-30-10470,예방의학 중심의 건강관리 프로그램,광주광역시 서구 상무대로 37-6 (상무동) 68번지,
AE0472,서울동물병원,571-31-10471,노령동물 전문 케어 서비스,"광주광역시 서구 상무연신로 371, 1층 (치평동) 68번지",062-574-7975
AE0473,부여동물병원,572-32-10472,행동교정 및 훈련 상담 제공,광주광역시 서구 중앙로 74 (치평동) 68번지,062-419-7582
AE0474,백동물병원,573-33-10473,한방치료 및 재활치료 전문,광주광역시 서구 상무평화로 1 (상무동) 68번지,062-571-0011
AE0475,한라동물병원,574-34-10474,야생동물 및 특수동물 진료 가능,광주광역시 서구 농성동 167 (농성동) 68번지,062-526-3575
AE0476,남부여동물병원,575-35-10475,친절한 진료와 최신 장비로 반려동물을 돌보는 병원,광주광역시 서구 상무대로 471번길 101-102 (삼각동) 68번지,062-576-7585
AE0477,심동물병원,576-36-10476,24시간 응급진료 서비스 제공,광주광역시 서구 치평로305번길 8 (하남동) 69번지,062-571-9114
AE0478,노아동물병원,577-37-10477,반려동물 전문 의료진이 있는 병원,광주광역시 서구 상무대로 37-6 (상무동) 69번지,
AE0479,우신동물병원,578-38-10478,건강검진 및 예방접종 전문병원,"광주광역시 서구 상무연신로 371, 1층 (치평동) 69번지",062-574-7975
AE0480,가믄장 동물병원,579-39-10479,수술 전문 동물병원,광주광역시 서구 중앙로 74 (치평동) 69번지,062-419-7582
AE0481,푸른가축병원,580-40-10480,반려동물의 건강한 삶을 위한 토탈케어,광주광역시 서구 상무평화로 1 (상무동) 69번지,062-571-0011
AE0482,종합동물병원,581-41-10481,최신 의료장비와 숙련된 수의사진,광주광역시 서구 농성동 167 (농성동) 69번지,062-526-3575
AE0483,당진낙협동물병원,582-42-10482,반려동물과 가족을 위한 따뜻한 병원,광주광역시 서구 상무대로 471번길 101-102 (삼각동) 69번지,062-576-7585
AE0484,건국동물병원,583-43-10483,정확한 진단과 세심한 치료,광주광역시 서구 치평로305번길 8 (하남동) 70번지,062-571-9114
AE0485,정가축병원,584-44-10484,반려동물의 평생 주치의,광주광역시 서구 상무대로 37-6 (상무동) 70번지,
AE0486,백제 가축병원,585-45-10485,전문적이고 신뢰할 수 있는 동물의료,"광주광역시 서구 상무연신로 371, 1층 (치평동) 70번지",062-574-7975
AE0487,백 동물병원,586-46-10486,사랑과 정성으로 치료하는 병원,광주광역시 서구 중앙로 74 (치평동) 70번지,062-419-7582
AE0488,충남 동물병원,587-47-10487,반려동물의 건강을 최우선으로 생각,광주광역시 서구 상무평화로 1 (상무동) 70번지,062-571-0011
AE0489,충청동물병원,588-48-10488,첨단 장비와 풍부한 경험의 조화,광주광역시 서구 농성동 167 (농성동) 70번지,062-526-3575
AE0490,거산동물병원,589-49-10489,반려동물 응급의료 전문센터,광주광역시 서구 상무대로 471번길 101-102 (삼각동) 70번지,062-576-7585
AE0491,참 좋은 동물병원,590-50-10490,개와 고양이 전문 치료병원,광주광역시 서구 치평로305번길 8 (하남동) 71번지,062-571-9114
AE0492,당진종합 동물병원,591-51-10491,"내과, 외과, 치과 전문의료진 보유",광주광역시 서구 상무대로 37-6 (상무동) 71번지,
AE0493,행담 동물병원,592-52-10492,디지털 방사선 촬영 및 초음파 진단,"광주광역시 서구 상무연신로 371, 1층 (치평동) 71번지",062-574-7975
AE0494,한울 AHC동물병원,593-53-10493,반려동물 미용 및 호텔 서비스 제공,광주광역시 서구 중앙로 74 (치평동) 71번지,062-419-7582
AE0495,당진축협동물병원,594-54-10494,중성화 수술 및 치과치료 전문,광주광역시 서구 상무평화로 1 (상무동) 71번지,062-571-0011
AE0496,현대동물병원,595-55-10495,예방의학 중심의 건강관리 프로그램,광주광역시 서구 농성동 167 (농성동) 71번지,062-526-3575
AE0497,센트럴동물병원,596-56-10496,노령동물 전문 케어 서비스,광주광역시 서구 상무대로 471번길 101-102 (삼각동) 71번지,062-576-7585
AE0498,우리동물병원,597-57-10497,행동교정 및 훈련 상담 제공,광주광역시 서구 치평로305번길 8 (하남동) 72번지,062-571-9114
AE0499,강한우리동물병원,598-58-10498,한방치료 및 재활치료 전문,광주광역시 서구 상무대로 37-6 (상무동) 72번지,
AE0500,김수의과동물병원,599-59-10499,야생동물 및 특수동물 진료 가능,"광주광역시 서구 상무연신로 371, 1층 (치평동) 72번지",062-574-7975
AF0501,홍성종합동물병원,600-60-10500,친절한 진료와 최신 장비로 반려동물을 돌보는 병원,광주광역시 서구 중앙로 74 (치평동) 72번지,062-419-7582
AF0502,세종동물병원,601-61-10501,24시간 응급진료 서비스 제공,광주광역시 서구 상무평화로 1 (상무동) 72번지,062-571-0011
AF0503,홍성낙협동물병원,602-62-10502,반려동물 전문 의료진이 있는 병원,광주광역시 서구 농성동 167 (농성동) 72번지,062-526-3575
AF0504,충남동물병원,603-63-10503,건강검진 및 예방접종 전문병원,광주광역시 서구 상무대로 471번길 101-102 (삼각동) 72번지,062-576-7585
AF0505,신화,604-64-10504,수술 전문 동물병원,광주광역시 서구 치평로305번길 8 (하남동) 73번지,062-571-9114
AF0506,홍성낙협서산지점,605-65-10505,반려동물의 건강한 삶을 위한 토탈케어,광주광역시 서구 상무대로 37-6 (상무동) 73번지,
AF0507,정 동물병원,606-66-10506,최신 의료장비와 숙련된 수의사진,"광주광역시 서구 상무연신로 371, 1층 (치평동) 73번지",062-574-7975
AF0508,로얄동물병원,607-67-10507,반려동물과 가족을 위한 따뜻한 병원,광주광역시 서구 중앙로 74 (치평동) 73번지,062-419-7582
AF0509,답21동물병원,608-68-10508,정확한 진단과 세심한 치료,광주광역시 서구 상무평화로 1 (상무동) 73번지,062-571-0011
AF0510,김도균동물병원,609-69-10509,반려동물의 평생 주치의,광주광역시 서구 농성동 167 (농성동) 73번지,062-526-3575
AF0511,한서동물의료센터,610-70-10510,전문적이고 신뢰할 수 있는 동물의료,광주광역시 서구 상무대로 471번길 101-102 (삼각동) 73번지,062-576-7585
AF0512,성심동물의료센터,611-71-10511,사랑과 정성으로 치료하는 병원,광주광역시 서구 치평로305번길 8 (하남동) 74번지,062-571-9114
AF0513,서산동물병원,612-72-10512,반려동물의 건강을 최우선으로 생각,광주광역시 서구 상무대로 37-6 (상무동) 74번지,
AF0514,우성농협,613-73-10513,첨단 장비와 풍부한 경험의 조화,"광주광역시 서구 상무연신로 371, 1층 (치평동) 74번지",062-574-7975
AF0515,강북종합,614-74-10514,반려동물 응급의료 전문센터,광주광역시 서구 중앙로 74 (치평동) 74번지,062-419-7582
AF0516,차동물병원,615-75-10515,개와 고양이 전문 치료병원,광주광역시 서구 상무평화로 1 (상무동) 74번지,062-571-0011
AF0517,김동물병원,616-76-10516,"내과, 외과, 치과 전문의료진 보유",광주광역시 서구 농성동 167 (농성동) 74번지,062-526-3575
AF0518,충남동물병원,617-77-10517,디지털 방사선 촬영 및 초음파 진단,광주광역시 서구 상무대로 471번길 101-102 (삼각동) 74번지,062-576-7585
AF0519,제일동물병원,618-78-10518,반려동물 미용 및 호텔 서비스 제공,광주광역시 서구 치평로305번길 8 (하남동) 75번지,062-571-9114
AF0520,한우사랑동물병원,619-79-10519,중성화 수술 및 치과치료 전문,광주광역시 서구 상무대로 37-6 (상무동) 75번지,
AF0521,중앙동물병원,620-80-10520,예방의학 중심의 건강관리 프로그램,"광주광역시 서구 상무연신로 371, 1층 (치평동) 75번지",062-574-7975
AF0522,한울메디벳,621-81-10521,노령동물 전문 케어 서비스,광주광역시 서구 중앙로 74 (치평동) 75번지,062-419-7582
AF0523,태성동물병원,622-82-10522,행동교정 및 훈련 상담 제공,광주광역시 서구 상무평화로 1 (상무동) 75번지,062-571-0011
AF0524,금비동물병원,623-83-10523,한방치료 및 재활치료 전문,광주광역시 서구 농성동 167 (농성동) 75번지,062-526-3575
AF0525,김신환동물병원,624-84-10524,야생동물 및 특수동물 진료 가능,광주광역시 서구 상무대로 471번길 101-102 (삼각동) 75번지,062-576-7585
AF0526,여한경,625-85-10525,친절한 진료와 최신 장비로 반려동물을 돌보는 병원,광주광역시 서구 치평로305번길 8 (하남동) 76번지,062-571-9114
AF0527,우리,626-86-10526,24시간 응급진료 서비스 제공,광주광역시 서구 상무대로 37-6 (상무동) 76번지,
AF0528,고려동물병원,627-87-10527,반려동물 전문 의료진이 있는 병원,"광주광역시 서구 상무연신로 371, 1층 (치평동) 76번지",062-574-7975
AF0529,해미성,628-88-10528,건강검진 및 예방접종 전문병원,광주광역시 서구 중앙로 74 (치평동) 76번지,062-419-7582
AF0530,농협 한우개량사업소 가축병원,629-89-10529,수술 전문 동물병원,광주광역시 서구 상무평화로 1 (상무동) 76번지,062-571-0011
AF0531,노아동물병원,630-90-10530,반려동물의 건강한 삶을 위한 토탈케어,광주광역시 서구 농성동 167 (농성동) 76번지,062-526-3575
AF0532,신도안동물병원,631-91-10531,최신 의료장비와 숙련된 수의사진,광주광역시 서구 상무대로 471번길 101-102 (삼각동) 76번지,062-576-7585
AF0533,공주동물병원,632-92-10532,반려동물과 가족을 위한 따뜻한 병원,광주광역시 서구 치평로305번길 8 (하남동) 77번지,062-571-9114
AF0534,충남,633-93-10533,정확한 진단과 세심한 치료,광주광역시 서구 상무대로 37-6 (상무동) 77번지,
AF0535,대관령,634-94-10534,반려동물의 평생 주치의,"광주광역시 서구 상무연신로 371, 1층 (치평동) 77번지",062-574-7975
AF0536,이기영,635-95-10535,전문적이고 신뢰할 수 있는 동물의료,광주광역시 서구 중앙로 74 (치평동) 77번지,062-419-7582
AF0537,신동,636-96-10536,사랑과 정성으로 치료하는 병원,광주광역시 서구 상무평화로 1 (상무동) 77번지,062-571-0011
AF0538,신흥동물병원,637-97-10537,반려동물의 건강을 최우선으로 생각,광주광역시 서구 농성동 167 (농성동) 77번지,062-526-3575
AF0539,임창일동물병원,638-98-10538,첨단 장비와 풍부한 경험의 조화,광주광역시 서구 상무대로 471번길 101-102 (삼각동) 77번지,062-576-7585
AF0540,충남동물병원,639-99-10539,반려동물 응급의료 전문센터,광주광역시 서구 치평로305번길 8 (하남동) 78번지,062-571-9114
AF0541,세종공주축협동물병원,640-10-10540,개와 고양이 전문 치료병원,광주광역시 서구 상무대로 37-6 (상무동) 78번지,
AF0542,보령동물병원,641-11-10541,"내과, 외과, 치과 전문의료진 보유","광주광역시 서구 상무연신로 371, 1층 (치평동) 78번지",062-574-7975
AF0543,홍성낙농협동조합 천북동물병원,642-12-10542,디지털 방사선 촬영 및 초음파 진단,광주광역시 서구 중앙로 74 (치평동) 78번지,062-419-7582
AF0544,바른동물병원,643-13-10543,반려동물 미용 및 호텔 서비스 제공,광주광역시 서구 상무평화로 1 (상무동) 78번지,062-571-0011
AF0545,훈 동물병원,644-14-10544,중성화 수술 및 치과치료 전문,광주광역시 서구 농성동 167 (농성동) 78번지,062-526-3575
AF0546,캐비어동물병원,645-15-10545,예방의학 중심의 건강관리 프로그램,광주광역시 서구 상무대로 471번길 101-102 (삼각동) 78번지,062-576-7585
AF0547,호크종합동물병원,646-16-10546,노령동물 전문 케어 서비스,광주광역시 서구 치평로305번길 8 (하남동) 79번지,062-571-9114
AF0548,피그헬스동물병원,647-17-10547,행동교정 및 훈련 상담 제공,광주광역시 서구 상무대로 37-6 (상무동) 79번지,
AF0549,봉 동물병원,648-18-10548,한방치료 및 재활치료 전문,"광주광역시 서구 상무연신로 371, 1층 (치평동) 79번지",062-574-7975
AF0550,데일리동물병원,649-19-10549,야생동물 및 특수동물 진료 가능,광주광역시 서구 중앙로 74 (치평동) 79번지,062-419-7582
AF0551,논산계룡축협 동물병원,650-20-10550,친절한 진료와 최신 장비로 반려동물을 돌보는 병원,광주광역시 서구 상무평화로 1 (상무동) 79번지,062-571-0011
AF0552,비글구조네트워크 동물메디컬센터,651-21-10551,24시간 응급진료 서비스 제공,광주광역시 서구 농성동 167 (농성동) 79번지,062-526-3575
AF0553,해맑은동물병원,652-22-10552,반려동물 전문 의료진이 있는 병원,광주광역시 서구 상무대로 471번길 101-102 (삼각동) 79번지,062-576-7585
AF0554,펫가든동물병원,653-23-10553,건강검진 및 예방접종 전문병원,광주광역시 서구 치평로305번길 8 (하남동) 80번지,062-571-9114
AF0555,백석동물병원,654-24-10554,수술 전문 동물병원,광주광역시 서구 상무대로 37-6 (상무동) 80번지,
AF0556,굿모닝24시동물병원,655-25-10555,반려동물의 건강한 삶을 위한 토탈케어,"광주광역시 서구 상무연신로 371, 1층 (치평동) 80번지",062-574-7975
AF0557,한일동물병원,656-26-10556,최신 의료장비와 숙련된 수의사진,광주광역시 서구 중앙로 74 (치평동) 80번지,062-419-7582
AF0558,세종팜스,657-27-10557,반려동물과 가족을 위한 따뜻한 병원,광주광역시 서구 상무평화로 1 (상무동) 80번지,062-571-0011
AF0559,천안공주낙농농협동물병원,658-28-10558,정확한 진단과 세심한 치료,광주광역시 서구 농성동 167 (농성동) 80번지,062-526-3575
AF0560,중앙가축병원,659-29-10559,반려동물의 평생 주치의,광주광역시 서구 상무대로 471번길 101-102 (삼각동) 80번지,062-576-7585
AF0561,한길동물병원,660-30-10560,전문적이고 신뢰할 수 있는 동물의료,광주광역시 서구 치평로305번길 8 (하남동) 81번지,062-571-9114
AF0562,신베트,661-31-10561,사랑과 정성으로 치료하는 병원,광주광역시 서구 상무대로 37-6 (상무동) 81번지,
AF0563,피그월드 동물병원,662-32-10562,반려동물의 건강을 최우선으로 생각,"광주광역시 서구 상무연신로 371, 1층 (치평동) 81번지",062-574-7975
AF0564,강남동물병원,663-33-10563,첨단 장비와 풍부한 경험의 조화,광주광역시 서구 중앙로 74 (치평동) 81번지,062-419-7582
AF0565,홍성축협 동물병원,664-34-10564,반려동물 응급의료 전문센터,광주광역시 서구 상무평화로 1 (상무동) 81번지,062-571-0011
AF0566,강영석동물병원,665-35-10565,개와 고양이 전문 치료병원,광주광역시 서구 농성동 167 (농성동) 81번지,062-526-3575
AF0567,페트로 동물병원,666-36-10566,"내과, 외과, 치과 전문의료진 보유",광주광역시 서구 상무대로 471번길 101-102 (삼각동) 81번지,062-576-7585
AF0568,뿌리동물병원,667-37-10567,디지털 방사선 촬영 및 초음파 진단,광주광역시 서구 치평로305번길 8 (하남동) 82번지,062-571-9114
AF0569,논산동물병원,668-38-10568,반려동물 미용 및 호텔 서비스 제공,광주광역시 서구 상무대로 37-6 (상무동) 82번지,
AF0570,중앙동물병원,669-39-10569,중성화 수술 및 치과치료 전문,"광주광역시 서구 상무연신로 371, 1층 (치평동) 82번지",062-574-7975
AF0571,서동물병원,670-40-10570,예방의학 중심의 건강관리 프로그램,광주광역시 서구 중앙로 74 (치평동) 82번지,062-419-7582
AF0572,가나동물병원,671-41-10571,노령동물 전문 케어 서비스,광주광역시 서구 상무평화로 1 (상무동) 82번지,062-571-0011
AF0573,연산동물병원,672-42-10572,행동교정 및 훈련 상담 제공,광주광역시 서구 농성동 167 (농성동) 82번지,062-526-3575
AF0574,충남동물병원,673-43-10573,한방치료 및 재활치료 전문,광주광역시 서구 상무대로 471번길 101-102 (삼각동) 82번지,062-576-7585
AF0575,금강축산가축병원,674-44-10574,야생동물 및 특수동물 진료 가능,광주광역시 서구 치평로305번길 8 (하남동) 83번지,062-571-9114
AF0576,논산계룡축협 동물병원,675-45-10575,친절한 진료와 최신 장비로 반려동물을 돌보는 병원,광주광역시 서구 상무대로 37-6 (상무동) 83번지,
AF0577,유명동물병원,676-46-10576,24시간 응급진료 서비스 제공,"광주광역시 서구 상무연신로 371, 1층 (치평동) 83번지",062-574-7975
AF0578,우리생명과학동물병원,677-47-10577,반려동물 전문 의료진이 있는 병원,광주광역시 서구 중앙로 74 (치평동) 83번지,062-419-7582
AF0579,한빛동물병원,678-48-10578,건강검진 및 예방접종 전문병원,광주광역시 서구 상무평화로 1 (상무동) 83번지,062-571-0011
AF0580,엔젤동물병원,679-49-10579,수술 전문 동물병원,광주광역시 서구 농성동 167 (농성동) 83번지,062-526-3575
AF0581,현대 동물 병원,680-50-10580,반려동물의 건강한 삶을 위한 토탈케어,광주광역시 서구 상무대로 471번길 101-102 (삼각동) 83번지,062-576-7585
AF0582,선 동물 병원,681-51-10581,최신 의료장비와 숙련된 수의사진,광주광역시 서구 치평로305번길 8 (하남동) 84번지,062-571-9114
AF0583,태안 동물병원,682-52-10582,반려동물과 가족을 위한 따뜻한 병원,광주광역시 서구 상무대로 37-6 (상무동) 84번지,
AF0584,최기중 동물병원,683-53-10583,정확한 진단과 세심한 치료,"광주광역시 서구 상무연신로 371, 1층 (치평동) 84번지",062-574-7975
AF0585,이창석 동물병원,684-54-10584,반려동물의 평생 주치의,광주광역시 서구 중앙로 74 (치평동) 84번지,062-419-7582
AF0586,라온 반려 동물병원,685-55-10585,전문적이고 신뢰할 수 있는 동물의료,광주광역시 서구 상무평화로 1 (상무동) 84번지,062-571-0011
AF0587,다함동물병원,686-56-10586,사랑과 정성으로 치료하는 병원,광주광역시 서구 농성동 167 (농성동) 84번지,062-526-3575
AF0588,한빛동물병원,687-57-10587,반려동물의 건강을 최우선으로 생각,광주광역시 서구 상무대로 471번길 101-102 (삼각동) 84번지,062-576-7585
AF0589,웰니스동물병원,688-58-10588,첨단 장비와 풍부한 경험의 조화,광주광역시 서구 치평로305번길 8 (하남동) 85번지,062-571-9114
AF0590,불당동물병원,689-59-10589,반려동물 응급의료 전문센터,광주광역시 서구 상무대로 37-6 (상무동) 85번지,
AF0591,나우동물의료센터,690-60-10590,개와 고양이 전문 치료병원,"광주광역시 서구 상무연신로 371, 1층 (치평동) 85번지",062-574-7975
AF0592,천안모아동물병원,691-61-10591,"내과, 외과, 치과 전문의료진 보유",광주광역시 서구 중앙로 74 (치평동) 85번지,062-419-7582
AF0593,정다운동물병원,692-62-10592,디지털 방사선 촬영 및 초음파 진단,광주광역시 서구 상무평화로 1 (상무동) 85번지,062-571-0011
AF0594,제이동물병원,693-63-10593,반려동물 미용 및 호텔 서비스 제공,광주광역시 서구 농성동 167 (농성동) 85번지,062-526-3575
AF0595,중앙동물병원,694-64-10594,중성화 수술 및 치과치료 전문,광주광역시 서구 상무대로 471번길 101-102 (삼각동) 85번지,062-576-7585
AF0596,정산가축병원,695-65-10595,예방의학 중심의 건강관리 프로그램,광주광역시 서구 치평로305번길 8 (하남동) 86번지,062-571-9114
AF0597,종합동물병원,696-66-10596,노령동물 전문 케어 서비스,광주광역시 서구 상무대로 37-6 (상무동) 86번지,
AF0598,지팡이 동물병원,697-67-10597,행동교정 및 훈련 상담 제공,"광주광역시 서구 상무연신로 371, 1층 (치평동) 86번지",062-574-7975
AF0599,미래동물병원,698-68-10598,한방치료 및 재활치료 전문,광주광역시 서구 중앙로 74 (치평동) 86번지,062-419-7582
AF0600,나무동물병원,699-69-10599,야생동물 및 특수동물 진료 가능,광주광역시 서구 상무평화로 1 (상무동) 86번지,062-571-0011
AG0601,안양축협동물병원,700-70-10600,친절한 진료와 최신 장비로 반려동물을 돌보는 병원,광주광역시 서구 농성동 167 (농성동) 86번지,062-526-3575
AG0602,형제동물병원,701-71-10601,24시간 응급진료 서비스 제공,광주광역시 서구 상무대로 471번길 101-102 (삼각동) 86번지,062-576-7585
AG0603,한빛동물병원,702-72-10602,반려동물 전문 의료진이 있는 병원,광주광역시 서구 치평로305번길 8 (하남동) 87번지,062-571-9114
AG0604,건국동물병원 (출장진료 전문),703-73-10603,건강검진 및 예방접종 전문병원,광주광역시 서구 상무대로 37-6 (상무동) 87번지,
AG0605,한호동물병원,704-74-10604,수술 전문 동물병원,"광주광역시 서구 상무연신로 371, 1층 (치평동) 87번지",062-574-7975
AG0606,제갈동물병원 (출장진료 전문),705-75-10605,반려동물의 건강한 삶을 위한 토탈케어,광주광역시 서구 중앙로 74 (치평동) 87번지,062-419-7582
AG0607,보람동물병원,706-76-10606,최신 의료장비와 숙련된 수의사진,광주광역시 서구 상무평화로 1 (상무동) 87번지,062-571-0011
AG0608,맥동물병원,707-77-10607,반려동물과 가족을 위한 따뜻한 병원,광주광역시 서구 농성동 167 (농성동) 87번지,062-526-3575
AG0609,이모란동물병원,708-78-10608,정확한 진단과 세심한 치료,광주광역시 서구 상무대로 471번길 101-102 (삼각동) 87번지,062-576-7585
AG0610,필립동물병원,709-79-10609,반려동물의 평생 주치의,광주광역시 서구 치평로305번길 8 (하남동) 88번지,062-571-9114
AG0611,믿음동물병원(출장진료 전문),710-80-10610,전문적이고 신뢰할 수 있는 동물의료,광주광역시 서구 상무대로 37-6 (상무동) 88번지,
AG0612,PET25시동물병원,711-81-10611,사랑과 정성으로 치료하는 병원,"광주광역시 서구 상무연신로 371, 1층 (치평동) 88번지",062-574-7975
AG0613,진선동물병원,712-82-10612,반려동물의 건강을 최우선으로 생각,광주광역시 서구 중앙로 74 (치평동) 88번지,062-419-7582
AG0614,오산동물병원,713-83-10613,첨단 장비와 풍부한 경험의 조화,광주광역시 서구 상무평화로 1 (상무동) 88번지,062-571-0011
AG0615,원 종합동물병원,714-84-10614,반려동물 응급의료 전문센터,광주광역시 서구 농성동 167 (농성동) 88번지,062-526-3575
AG0616,우리동물병원,715-85-10615,개와 고양이 전문 치료병원,광주광역시 서구 상무대로 471번길 101-102 (삼각동) 88번지,062-576-7585
AG0617,미소 동물병원,716-86-10616,"내과, 외과, 치과 전문의료진 보유",광주광역시 서구 치평로305번길 8 (하남동) 89번지,062-571-9114
AG0618,저스트벳 동물병원,717-87-10617,디지털 방사선 촬영 및 초음파 진단,광주광역시 서구 상무대로 37-6 (상무동) 89번지,
AG0619,참동물병원,718-88-10618,반려동물 미용 및 호텔 서비스 제공,"광주광역시 서구 상무연신로 371, 1층 (치평동) 89번지",062-574-7975
AG0620,튼튼동물병원,719-89-10619,중성화 수술 및 치과치료 전문,광주광역시 서구 중앙로 74 (치평동) 89번지,062-419-7582
AG0621,이형윤동물병원,720-90-10620,예방의학 중심의 건강관리 프로그램,광주광역시 서구 상무평화로 1 (상무동) 89번지,062-571-0011
AG0622,two현동물병원,721-91-10621,노령동물 전문 케어 서비스,광주광역시 서구 농성동 167 (농성동) 89번지,062-526-3575
AG0623,강남동물병원,722-92-10622,행동교정 및 훈련 상담 제공,광주광역시 서구 상무대로 471번길 101-102 (삼각동) 89번지,062-576-7585
AG0624,오암동물병원,723-93-10623,한방치료 및 재활치료 전문,광주광역시 서구 치평로305번길 8 (하남동) 90번지,062-571-9114
AG0625,심재훈동물병원,724-94-10624,야생동물 및 특수동물 진료 가능,광주광역시 서구 상무대로 37-6 (상무동) 90번지,
AG0626,수지동물의료원,725-95-10625,친절한 진료와 최신 장비로 반려동물을 돌보는 병원,"광주광역시 서구 상무연신로 371, 1층 (치평동) 90번지",062-574-7975
AG0627,순수동물병원,726-96-10626,24시간 응급진료 서비스 제공,광주광역시 서구 중앙로 74 (치평동) 90번지,062-419-7582
AG0628,해담은동물병원,727-97-10627,반려동물 전문 의료진이 있는 병원,광주광역시 서구 상무평화로 1 (상무동) 90번지,062-571-0011
AG0629,즐거운동물병원,728-98-10628,건강검진 및 예방접종 전문병원,광주광역시 서구 농성동 167 (농성동) 90번지,062-526-3575
AG0630,성복동물병원,729-99-10629,수술 전문 동물병원,광주광역시 서구 상무대로 471번길 101-102 (삼각동) 90번지,062-576-7585
AG0631,삼성안내견학교 부속동물병원,730-10-10630,반려동물의 건강한 삶을 위한 토탈케어,광주광역시 서구 치평로305번길 8 (하남동) 91번지,062-571-9114
AG0632,죽전예담동물병원,731-11-10631,최신 의료장비와 숙련된 수의사진,광주광역시 서구 상무대로 37-6 (상무동) 91번지,
AG0633,하임동물병원,732-12-10632,반려동물과 가족을 위한 따뜻한 병원,"광주광역시 서구 상무연신로 371, 1층 (치평동) 91번지",062-574-7975
AG0634,어울림동물병원,733-13-10633,정확한 진단과 세심한 치료,광주광역시 서구 중앙로 74 (치평동) 91번지,062-419-7582
AG0635,광교호수 동물병원,734-14-10634,반려동물의 평생 주치의,광주광역시 서구 상무평화로 1 (상무동) 91번지,062-571-0011
AG0636,죽전 쿨펫동물병원,735-15-10635,전문적이고 신뢰할 수 있는 동물의료,광주광역시 서구 농성동 167 (농성동) 91번지,062-526-3575
AG0637,양동진동물병원(출장전문),736-16-10636,사랑과 정성으로 치료하는 병원,광주광역시 서구 상무대로 471번길 101-102 (삼각동) 91번지,062-576-7585
AG0638,폴의골목 동물병원,737-17-10637,반려동물의 건강을 최우선으로 생각,광주광역시 서구 치평로305번길 8 (하남동) 92번지,062-571-9114
AG0639,경기동물병원(출장진료 전문),738-18-10638,첨단 장비와 풍부한 경험의 조화,광주광역시 서구 상무대로 37-6 (상무동) 92번지,
AG0640,개포동물병원,739-19-10639,반려동물 응급의료 전문센터,"광주광역시 서구 상무연신로 371, 1층 (치평동) 92번지",062-574-7975
AG0641,양평가축병원,740-20-10640,개와 고양이 전문 치료병원,광주광역시 서구 중앙로 74 (치평동) 92번지,062-419-7582
AG0642,참 좋은 동물병원,741-21-10641,"내과, 외과, 치과 전문의료진 보유",광주광역시 서구 상무평화로 1 (상무동) 92번지,062-571-0011
AG0643,용문조아동물병원,742-22-10642,디지털 방사선 촬영 및 초음파 진단,광주광역시 서구 농성동 167 (농성동) 92번지,062-526-3575
AG0644,용인동물병원,743-23-10643,반려동물 미용 및 호텔 서비스 제공,광주광역시 서구 상무대로 471번길 101-102 (삼각동) 92번지,062-576-7585
AG0645,포곡동물병원,744-24-10644,중성화 수술 및 치과치료 전문,광주광역시 서구 치평로305번길 8 (하남동) 93번지,062-571-9114
AG0646,정동물병원,745-25-10645,예방의학 중심의 건강관리 프로그램,광주광역시 서구 상무대로 37-6 (상무동) 93번지,
AG0647,웰 동물병원,746-26-10646,노령동물 전문 케어 서비스,"광주광역시 서구 상무연신로 371, 1층 (치평동) 93번지",062-574-7975
AG0648,스카이동물병원,747-27-10647,행동교정 및 훈련 상담 제공,광주광역시 서구 중앙로 74 (치평동) 93번지,062-419-7582
AG0649,꿈에동물병원,748-28-10648,한방치료 및 재활치료 전문,광주광역시 서구 상무평화로 1 (상무동) 93번지,062-571-0011
AG0650,용인센트럴동물병원,749-29-10649,야생동물 및 특수동물 진료 가능,광주광역시 서구 농성동 167 (농성동) 93번지,062-526-3575
AG0651,마리동물의료센터,750-30-10650,친절한 진료와 최신 장비로 반려동물을 돌보는 병원,광주광역시 서구 상무대로 471번길 101-102 (삼각동) 93번지,062-576-7585
AG0652,펫 동물병원,751-31-10651,24시간 응급진료 서비스 제공,광주광역시 서구 치평로305번길 8 (하남동) 94번지,062-571-9114
AG0653,스마일동물병원,752-32-10652,반려동물 전문 의료진이 있는 병원,광주광역시 서구 상무대로 37-6 (상무동) 94번지,
AG0654,에버랜드 동물병원,753-33-10653,건강검진 및 예방접종 전문병원,"광주광역시 서구 상무연신로 371, 1층 (치평동) 94번지",062-574-7975
AG0655,성심동물병원,754-34-10654,수술 전문 동물병원,광주광역시 서구 중앙로 74 (치평동) 94번지,062-419-7582
AG0656,현대동물의료센터,755-35-10655,반려동물의 건강한 삶을 위한 토탈케어,광주광역시 서구 상무평화로 1 (상무동) 94번지,062-571-0011
AG0657,나은동물병원,756-36-10656,최신 의료장비와 숙련된 수의사진,광주광역시 서구 농성동 167 (농성동) 94번지,062-526-3575
AG0658,펫인쥬동물메디컬센터,757-37-10657,반려동물과 가족을 위한 따뜻한 병원,광주광역시 서구 상무대로 471번길 101-102 (삼각동) 94번지,062-576-7585
AG0659,나라동물병원,758-38-10658,정확한 진단과 세심한 치료,광주광역시 서구 치평로305번길 8 (하남동) 95번지,062-571-9114
AG0660,녹양돌봄동물병원,759-39-10659,반려동물의 평생 주치의,광주광역시 서구 상무대로 37-6 (상무동) 95번지,
AG0661,위즈펫동물병원,760-40-10660,전문적이고 신뢰할 수 있는 동물의료,"광주광역시 서구 상무연신로 371, 1층 (치평동) 95번지",062-574-7975
AG0662,용문동물병원,761-41-10661,사랑과 정성으로 치료하는 병원,광주광역시 서구 중앙로 74 (치평동) 95번지,062-419-7582
AG0663,경기동물메디컬센터,762-42-10662,반려동물의 건강을 최우선으로 생각,광주광역시 서구 상무평화로 1 (상무동) 95번지,062-571-0011
AG0664,해피동물병원,763-43-10663,첨단 장비와 풍부한 경험의 조화,광주광역시 서구 농성동 167 (농성동) 95번지,062-526-3575
AG0665,유일동물병원,764-44-10664,반려동물 응급의료 전문센터,광주광역시 서구 상무대로 471번길 101-102 (삼각동) 95번지,062-576-7585
AG0666,우람동물병원,765-45-10665,개와 고양이 전문 치료병원,광주광역시 서구 치평로305번길 8 (하남동) 96번지,062-571-9114
AG0667,현화동물병원,766-46-10666,"내과, 외과, 치과 전문의료진 보유",광주광역시 서구 상무대로 37-6 (상무동) 96번지,
AG0668,안창선동물병원,767-47-10667,디지털 방사선 촬영 및 초음파 진단,"광주광역시 서구 상무연신로 371, 1층 (치평동) 96번지",062-574-7975
AG0669,평택축협동물병원,768-48-10668,반려동물 미용 및 호텔 서비스 제공,광주광역시 서구 중앙로 74 (치평동) 96번지,062-419-7582
AG0670,한주동물병원,769-49-10669,중성화 수술 및 치과치료 전문,광주광역시 서구 상무평화로 1 (상무동) 96번지,062-571-0011
AG0671,사랑동물병원,770-50-10670,예방의학 중심의 건강관리 프로그램,광주광역시 서구 농성동 167 (농성동) 96번지,062-526-3575
AG0672,혜성동물병원,771-51-10671,노령동물 전문 케어 서비스,광주광역시 서구 상무대로 471번길 101-102 (삼각동) 96번지,062-576-7585
AG0673,한마음동물병원,772-52-10672,행동교정 및 훈련 상담 제공,광주광역시 서구 치평로305번길 8 (하남동) 97번지,062-571-9114
AG0674,백암동물병원,773-53-10673,한방치료 및 재활치료 전문,광주광역시 서구 상무대로 37-6 (상무동) 97번지,
AG0675,라뽀동물병원,774-54-10674,야생동물 및 특수동물 진료 가능,"광주광역시 서구 상무연신로 371, 1층 (치평동) 97번지",062-574-7975
AG0676,블리스 동물의료센터,775-55-10675,친절한 진료와 최신 장비로 반려동물을 돌보는 병원,광주광역시 서구 중앙로 74 (치평동) 97번지,062-419-7582
AG0677,비전동물병원,776-56-10676,24시간 응급진료 서비스 제공,광주광역시 서구 상무평화로 1 (상무동) 97번지,062-571-0011
AG0678,송담동물병원,777-57-10677,반려동물 전문 의료진이 있는 병원,광주광역시 서구 농성동 167 (농성동) 97번지,062-526-3575
AG0679,한동물병원 (출장진료 전문),778-58-10678,건강검진 및 예방접종 전문병원,광주광역시 서구 상무대로 471번길 101-102 (삼각동) 97번지,062-576-7585
AG0680,김기혁 동물병원 평택동점,779-59-10679,수술 전문 동물병원,광주광역시 서구 치평로305번길 8 (하남동) 98번지,062-571-9114
AG0681,세브란스동물병원,780-60-10680,반려동물의 건강한 삶을 위한 토탈케어,광주광역시 서구 상무대로 37-6 (상무동) 98번지,
AG0682,리치펫동물병원,781-61-10681,최신 의료장비와 숙련된 수의사진,"광주광역시 서구 상무연신로 371, 1층 (치평동) 98번지",062-574-7975
AG0683,튼튼동물병원,782-62-10682,반려동물과 가족을 위한 따뜻한 병원,광주광역시 서구 중앙로 74 (치평동) 98번지,062-419-7582
AG0684,Wellness clinic 동물병원,783-63-10683,정확한 진단과 세심한 치료,광주광역시 서구 상무평화로 1 (상무동) 98번지,062-571-0011
AG0685,우사랑동물병원(출장전문진료병원),784-64-10684,반려동물의 평생 주치의,광주광역시 서구 농성동 167 (농성동) 98번지,062-526-3575
AG0686,(주)에니멀클리닉컨설팅(출장진료전문병원),785-65-10685,전문적이고 신뢰할 수 있는 동물의료,광주광역시 서구 상무대로 471번길 101-102 (삼각동) 98번지,062-576-7585
AG0687,나라동물병원,786-66-10686,사랑과 정성으로 치료하는 병원,광주광역시 서구 치평로305번길 8 (하남동) 99번지,062-571-9114
AG0688,로얄벳 동물병원,787-67-10687,반려동물의 건강을 최우선으로 생각,광주광역시 서구 상무대로 37-6 (상무동) 99번지,
AG0689,펫스토리 동물병원,788-68-10688,첨단 장비와 풍부한 경험의 조화,"광주광역시 서구 상무연신로 371, 1층 (치평동) 99번지",062-574-7975
AG0690,강남동물의료센터,789-69-10689,반려동물 응급의료 전문센터,광주광역시 서구 중앙로 74 (치평동) 99번지,062-419-7582
AG0691,참누리동물병원,790-70-10690,개와 고양이 전문 치료병원,광주광역시 서구 상무평화로 1 (상무동) 99번지,062-571-0011
AG0692,AP동물병원,791-71-10691,"내과, 외과, 치과 전문의료진 보유",광주광역시 서구 농성동 167 (농성동) 99번지,062-526-3575
AG0693,24시 서울YES동물병원,792-72-10692,디지털 방사선 촬영 및 초음파 진단,광주광역시 서구 상무대로 471번길 101-102 (삼각동) 99번지,062-576-7585
AG0694,애니펫동물병원,793-73-10693,반려동물 미용 및 호텔 서비스 제공,광주광역시 서구 치평로305번길 8 (하남동) 100번지,062-571-9114
AG0695,동일동물병원,794-74-10694,중성화 수술 및 치과치료 전문,광주광역시 서구 상무대로 37-6 (상무동) 100번지,
AG0696,구성동물병원,795-75-10695,예방의학 중심의 건강관리 프로그램,"광주광역시 서구 상무연신로 371, 1층 (치평동) 100번지",062-574-7975
AG0697,제일종합동물병원,796-76-10696,노령동물 전문 케어 서비스,광주광역시 서구 중앙로 74 (치평동) 100번지,062-419-7582
AG0698,에어벳동물병원,797-77-10697,행동교정 및 훈련 상담 제공,광주광역시 서구 상무평화로 1 (상무동) 100번지,062-571-0011
AG0699,보정동물병원,798-78-10698,한방치료 및 재활치료 전문,광주광역시 서구 농성동 167 (농성동) 100번지,062-526-3575
AG0700,24시 사람앤동물메디컬센터,799-79-10699,야생동물 및 특수동물 진료 가능,광주광역시 서구 상무대로 471번길 101-102 (삼각동) 100번지,062-576-7585
AH0701,정 동물병원,800-80-10700,친절한 진료와 최신 장비로 반려동물을 돌보는 병원,광주광역시 서구 치평로305번길 8 (하남동) 101번지,062-571-9114
AH0702,에이스 동물병원,801-81-10701,24시간 응급진료 서비스 제공,광주광역시 서구 상무대로 37-6 (상무동) 101번지,
AH0703,김대일동물병원,802-82-10702,반려동물 전문 의료진이 있는 병원,"광주광역시 서구 상무연신로 371, 1층 (치평동) 101번지",062-574-7975
AH0704,펫필드동물병원,803-83-10703,건강검진 및 예방접종 전문병원,광주광역시 서구 중앙로 74 (치평동) 101번지,062-419-7582
AH0705,청북동물병원 (출장진료 전문),804-84-10704,수술 전문 동물병원,광주광역시 서구 상무평화로 1 (상무동) 101번지,062-571-0011
AH0706,코리아동물병원,805-85-10705,반려동물의 건강한 삶을 위한 토탈케어,광주광역시 서구 농성동 167 (농성동) 101번지,062-526-3575
AH0707,경기도 야생동물 구조관리센터,806-86-10706,최신 의료장비와 숙련된 수의사진,광주광역시 서구 상무대로 471번길 101-102 (삼각동) 101번지,062-576-7585
AH0708,쿨펫동물병원,807-87-10707,반려동물과 가족을 위한 따뜻한 병원,광주광역시 서구 치평로305번길 8 (하남동) 102번지,062-571-9114
AH0709,굿모닝동물병원(출장전문 진료),808-88-10708,정확한 진단과 세심한 치료,광주광역시 서구 상무대로 37-6 (상무동) 102번지,
AH0710,맑은숲동물병원,809-89-10709,반려동물의 평생 주치의,"광주광역시 서구 상무연신로 371, 1층 (치평동) 102번지",062-574-7975
AH0711,안중동물병원,810-90-10710,전문적이고 신뢰할 수 있는 동물의료,광주광역시 서구 중앙로 74 (치평동) 102번지,062-419-7582
AH0712,타잔동물병원,811-91-10711,사랑과 정성으로 치료하는 병원,광주광역시 서구 상무평화로 1 (상무동) 102번지,062-571-0011
AH0713,봄날동물의료센터,812-92-10712,반려동물의 건강을 최우선으로 생각,광주광역시 서구 농성동 167 (농성동) 102번지,062-526-3575
AH0714,국립축산과학원 축산자원개발부 동물병원,813-93-10713,첨단 장비와 풍부한 경험의 조화,광주광역시 서구 상무대로 471번길 101-102 (삼각동) 102번지,062-576-7585
AH0715,마음가득동물병원,814-94-10714,반려동물 응급의료 전문센터,광주광역시 서구 치평로305번길 8 (하남동) 103번지,062-571-9114
AH0716,애견종합병원,815-95-10715,개와 고양이 전문 치료병원,광주광역시 서구 상무대로 37-6 (상무동) 103번지,
AH0717,주주동물병원,816-96-10716,"내과, 외과, 치과 전문의료진 보유","광주광역시 서구 상무연신로 371, 1층 (치평동) 103번지",062-574-7975
AH0718,용인축협동물병원,817-97-10717,디지털 방사선 촬영 및 초음파 진단,광주광역시 서구 중앙로 74 (치평동) 103번지,062-419-7582
AH0719,행복동물병원,818-98-10718,반려동물 미용 및 호텔 서비스 제공,광주광역시 서구 상무평화로 1 (상무동) 103번지,062-571-0011
AH0720,양지종합동물병원,819-99-10719,중성화 수술 및 치과치료 전문,광주광역시 서구 농성동 167 (농성동) 103번지,062-526-3575
AH0721,닥터페티앙동물병원,820-10-10720,예방의학 중심의 건강관리 프로그램,광주광역시 서구 상무대로 471번길 101-102 (삼각동) 103번지,062-576-7585
AH0722,강 동물병원,821-11-10721,노령동물 전문 케어 서비스,광주광역시 서구 치평로305번길 8 (하남동) 104번지,062-571-9114
AH0723,김재원 동물병원,822-12-10722,행동교정 및 훈련 상담 제공,광주광역시 서구 상무대로 37-6 (상무동) 104번지,
AH0724,Dr.J동물병원,823-13-10723,한방치료 및 재활치료 전문,"광주광역시 서구 상무연신로 371, 1층 (치평동) 104번지",062-574-7975
AH0725,흥덕종합동물병원,824-14-10724,야생동물 및 특수동물 진료 가능,광주광역시 서구 중앙로 74 (치평동) 104번지,062-419-7582
AH0726,파우동물병원,825-15-10725,친절한 진료와 최신 장비로 반려동물을 돌보는 병원,광주광역시 서구 상무평화로 1 (상무동) 104번지,062-571-0011
AH0727,정다운종합동물병원,826-16-10726,24시간 응급진료 서비스 제공,광주광역시 서구 농성동 167 (농성동) 104번지,062-526-3575
AH0728,로얄펫동물병원,827-17-10727,반려동물 전문 의료진이 있는 병원,광주광역시 서구 상무대로 471번길 101-102 (삼각동) 104번지,062-576-7585
AH0729,민락동물병원,828-18-10728,건강검진 및 예방접종 전문병원,광주광역시 서구 치평로305번길 8 (하남동) 105번지,062-571-9114
AH0730,의정부종합동물병원,829-19-10729,수술 전문 동물병원,광주광역시 서구 상무대로 37-6 (상무동) 105번지,
AH0731,호원종합동물병원,830-20-10730,반려동물의 건강한 삶을 위한 토탈케어,"광주광역시 서구 상무연신로 371, 1층 (치평동) 105번지",062-574-7975
AH0732,녹양동물병원,831-21-10731,최신 의료장비와 숙련된 수의사진,광주광역시 서구 중앙로 74 (치평동) 105번지,062-419-7582
AH0733,하나동물병원,832-22-10732,반려동물과 가족을 위한 따뜻한 병원,광주광역시 서구 상무평화로 1 (상무동) 105번지,062-571-0011
AH0734,프렌즈동물병원,833-23-10733,정확한 진단과 세심한 치료,광주광역시 서구 농성동 167 (농성동) 105번지,062-526-3575
AH0735,용인24시 아이온동물메디컬센터,834-24-10734,반려동물의 평생 주치의,광주광역시 서구 상무대로 471번길 101-102 (삼각동) 105번지,062-576-7585
AH0736,드림동물병원,835-25-10735,전문적이고 신뢰할 수 있는 동물의료,광주광역시 서구 치평로305번길 8 (하남동) 106번지,062-571-9114
AH0737,용인시 동물보호센터,836-26-10736,사랑과 정성으로 치료하는 병원,광주광역시 서구 상무대로 37-6 (상무동) 106번지,
AH0738,강남종합동물병원,837-27-10737,반려동물의 건강을 최우선으로 생각,"광주광역시 서구 상무연신로 371, 1층 (치평동) 106번지",062-574-7975
AH0739,24시동물병원,838-28-10738,첨단 장비와 풍부한 경험의 조화,광주광역시 서구 중앙로 74 (치평동) 106번지,062-419-7582
AH0740,죽전동물병원,839-29-10739,반려동물 응급의료 전문센터,광주광역시 서구 상무평화로 1 (상무동) 106번지,062-571-0011
AH0741,동백동물병원,840-30-10740,개와 고양이 전문 치료병원,광주광역시 서구 농성동 167 (농성동) 106번지,062-526-3575
AH0742,현대동물병원,841-31-10741,"내과, 외과, 치과 전문의료진 보유",광주광역시 서구 상무대로 471번길 101-102 (삼각동) 106번지,062-576-7585
AH0743,레이크동물병원,842-32-10742,디지털 방사선 촬영 및 초음파 진단,광주광역시 서구 치평로305번길 8 (하남동) 107번지,062-571-9114
AH0744,우리동물병원,843-33-10743,반려동물 미용 및 호텔 서비스 제공,광주광역시 서구 상무대로 37-6 (상무동) 107번지,
AH0745,쿨펫 동물병원,844-34-10744,중성화 수술 및 치과치료 전문,"광주광역시 서구 상무연신로 371, 1층 (치평동) 107번지",062-574-7975
AH0746,해뜰동물병원,845-35-10745,예방의학 중심의 건강관리 프로그램,광주광역시 서구 중앙로 74 (치평동) 107번지,062-419-7582
AH0747,금오동물병원,846-36-10746,노령동물 전문 케어 서비스,광주광역시 서구 상무평화로 1 (상무동) 107번지,062-571-0011
AH0748,가능동물병원,847-37-10747,행동교정 및 훈련 상담 제공,광주광역시 서구 농성동 167 (농성동) 107번지,062-526-3575
AH0749,장암종합동물병원,848-38-10748,한방치료 및 재활치료 전문,광주광역시 서구 상무대로 471번길 101-102 (삼각동) 107번지,062-576-7585
AH0750,도그플러스 동물병원,849-39-10749,야생동물 및 특수동물 진료 가능,광주광역시 서구 치평로305번길 8 (하남동) 108번지,062-571-9114
AH0751,달빛동물병원,850-40-10750,친절한 진료와 최신 장비로 반려동물을 돌보는 병원,광주광역시 서구 상무대로 37-6 (상무동) 108번지,
AH0752,에이스동물메디컬센터,851-41-10751,24시간 응급진료 서비스 제공,"광주광역시 서구 상무연신로 371, 1층 (치평동) 108번지",062-574-7975
AH0753,오즈동물병원,852-42-10752,반려동물 전문 의료진이 있는 병원,광주광역시 서구 중앙로 74 (치평동) 108번지,062-419-7582
AH0754,하트만 동물병원,853-43-10753,건강검진 및 예방접종 전문병원,광주광역시 서구 상무평화로 1 (상무동) 108번지,062-571-0011
AH0755,제일동물병원,854-44-10754,수술 전문 동물병원,광주광역시 서구 농성동 167 (농성동) 108번지,062-526-3575
AH0756,바른동물병원,855-45-10755,반려동물의 건강한 삶을 위한 토탈케어,광주광역시 서구 상무대로 471번길 101-102 (삼각동) 108번지,062-576-7585
AH0757,의정부 24시 IU 동물병원,856-46-10756,최신 의료장비와 숙련된 수의사진,광주광역시 서구 치평로305번길 8 (하남동) 109번지,062-571-9114
AH0758,내곁에동물병원,857-47-10757,반려동물과 가족을 위한 따뜻한 병원,광주광역시 서구 상무대로 37-6 (상무동) 109번지,
AH0759,하은동물병원,858-48-10758,정확한 진단과 세심한 치료,"광주광역시 서구 상무연신로 371, 1층 (치평동) 109번지",062-574-7975
AH0760,보라종합동물병원,859-49-10759,반려동물의 평생 주치의,광주광역시 서구 중앙로 74 (치평동) 109번지,062-419-7582
AH0761,용인도담동물병원,860-50-10760,전문적이고 신뢰할 수 있는 동물의료,광주광역시 서구 상무평화로 1 (상무동) 109번지,062-571-0011
AH0762,유앤미동물병원,861-51-10761,사랑과 정성으로 치료하는 병원,광주광역시 서구 농성동 167 (농성동) 109번지,062-526-3575
AH0763,기흥동물병원,862-52-10762,반려동물의 건강을 최우선으로 생각,광주광역시 서구 상무대로 471번길 101-102 (삼각동) 109번지,062-576-7585
AH0764,함께하는 동물병원,863-53-10763,첨단 장비와 풍부한 경험의 조화,광주광역시 서구 치평로305번길 8 (하남동) 110번지,062-571-9114
AH0765,봄동물병원,864-54-10764,반려동물 응급의료 전문센터,광주광역시 서구 상무대로 37-6 (상무동) 110번지,
AH0766,THE힘찬동물병원,865-55-10765,개와 고양이 전문 치료병원,"광주광역시 서구 상무연신로 371, 1층 (치평동) 110번지",062-574-7975
AH0767,하트펫 동물병원,866-56-10766,"내과, 외과, 치과 전문의료진 보유",광주광역시 서구 중앙로 74 (치평동) 110번지,062-419-7582
AH0768,대학동물병원,867-57-10767,디지털 방사선 촬영 및 초음파 진단,광주광역시 서구 상무평화로 1 (상무동) 110번지,062-571-0011
AH0769,어정동물병원,868-58-10768,반려동물 미용 및 호텔 서비스 제공,광주광역시 서구 농성동 167 (농성동) 110번지,062-526-3575
AH0770,사랑동물병원,869-59-10769,중성화 수술 및 치과치료 전문,광주광역시 서구 상무대로 471번길 101-102 (삼각동) 110번지,062-576-7585
AH0771,신촌동물병원,870-60-10770,예방의학 중심의 건강관리 프로그램,광주광역시 서구 치평로305번길 8 (하남동) 111번지,062-571-9114
AH0772,메이 동물병원,871-61-10771,노령동물 전문 케어 서비스,광주광역시 서구 상무대로 37-6 (상무동) 111번지,
AH0773,하임동물의료센터,872-62-10772,행동교정 및 훈련 상담 제공,"광주광역시 서구 상무연신로 371, 1층 (치평동) 111번지",062-574-7975
AH0774,자연낙농동물병원,873-63-10773,한방치료 및 재활치료 전문,광주광역시 서구 중앙로 74 (치평동) 111번지,062-419-7582
AH0775,부안동물병원,874-64-10774,야생동물 및 특수동물 진료 가능,광주광역시 서구 상무평화로 1 (상무동) 111번지,062-571-0011
AH0776,연합동물병원,875-65-10775,친절한 진료와 최신 장비로 반려동물을 돌보는 병원,광주광역시 서구 농성동 167 (농성동) 111번지,062-526-3575
AH0777,미래동물병원,876-66-10776,24시간 응급진료 서비스 제공,광주광역시 서구 상무대로 471번길 101-102 (삼각동) 111번지,062-576-7585
AH0778,새만금동물병원,877-67-10777,반려동물 전문 의료진이 있는 병원,광주광역시 서구 치평로305번길 8 (하남동) 112번지,062-571-9114
AH0779,닥터 홍 동물병원,878-68-10778,건강검진 및 예방접종 전문병원,광주광역시 서구 상무대로 37-6 (상무동) 112번지,
AH0780,부안산업동물병원,879-69-10779,수술 전문 동물병원,"광주광역시 서구 상무연신로 371, 1층 (치평동) 112번지",062-574-7975
AH0781,바른동물병원,880-70-10780,반려동물의 건강한 삶을 위한 토탈케어,광주광역시 서구 중앙로 74 (치평동) 112번지,062-419-7582
AH0782,동행동물병원,881-71-10781,최신 의료장비와 숙련된 수의사진,광주광역시 서구 상무평화로 1 (상무동) 112번지,062-571-0011
AH0783,당찬우리동물병원,882-72-10782,반려동물과 가족을 위한 따뜻한 병원,광주광역시 서구 농성동 167 (농성동) 112번지,062-526-3575
AH0784,벡스코 동물병원,883-73-10783,정확한 진단과 세심한 치료,광주광역시 서구 상무대로 471번길 101-102 (삼각동) 112번지,062-576-7585
AH0785,대전우리동물의료센터,884-74-10784,반려동물의 평생 주치의,광주광역시 서구 치평로305번길 8 (하남동) 113번지,062-571-9114
AH0786,24시 성심동물메디컬센터,885-75-10785,전문적이고 신뢰할 수 있는 동물의료,광주광역시 서구 상무대로 37-6 (상무동) 113번지,
AH0787,도그플러스 동물병원,886-76-10786,사랑과 정성으로 치료하는 병원,"광주광역시 서구 상무연신로 371, 1층 (치평동) 113번지",062-574-7975
AH0788,24시 굿케어동물의료센터,887-77-10787,반려동물의 건강을 최우선으로 생각,광주광역시 서구 중앙로 74 (치평동) 113번지,062-419-7582
AH0789,빛가온동물병원,888-78-10788,첨단 장비와 풍부한 경험의 조화,광주광역시 서구 상무평화로 1 (상무동) 113번지,062-571-0011
AH0790,아이사랑동물병원,889-79-10789,반려동물 응급의료 전문센터,광주광역시 서구 농성동 167 (농성동) 113번지,062-526-3575
AH0791,금샘동물병원,890-80-10790,개와 고양이 전문 치료병원,광주광역시 서구 상무대로 471번길 101-102 (삼각동) 113번지,062-576-7585
AH0792,애니컴 메디컬센터,891-81-10791,"내과, 외과, 치과 전문의료진 보유",광주광역시 서구 치평로305번길 8 (하남동) 114번지,062-571-9114
AH0793,자연앤동물병원,892-82-10792,디지털 방사선 촬영 및 초음파 진단,광주광역시 서구 상무대로 37-6 (상무동) 114번지,
AH0794,우리동물병원,893-83-10793,반려동물 미용 및 호텔 서비스 제공,"광주광역시 서구 상무연신로 371, 1층 (치평동) 114번지",062-574-7975
AH0795,운봉동물병원,894-84-10794,중성화 수술 및 치과치료 전문,광주광역시 서구 중앙로 74 (치평동) 114번지,062-419-7582
AH0796,청원동물병원,895-85-10795,예방의학 중심의 건강관리 프로그램,광주광역시 서구 상무평화로 1 (상무동) 114번지,062-571-0011
AH0797,하나동물종합병원,896-86-10796,노령동물 전문 케어 서비스,광주광역시 서구 농성동 167 (농성동) 114번지,062-526-3575
AH0798,남원축협 동물병원,897-87-10797,행동교정 및 훈련 상담 제공,광주광역시 서구 상무대로 471번길 101-102 (삼각동) 114번지,062-576-7585
AH0799,지리산동물병원,898-88-10798,한방치료 및 재활치료 전문,광주광역시 서구 치평로305번길 8 (하남동) 115번지,062-571-9114
AH0800,신성동물약품병원,899-89-10799,야생동물 및 특수동물 진료 가능,광주광역시 서구 상무대로 37-6 (상무동) 115번지,
AI0801,지리산 산업동물병원,900-90-10800,친절한 진료와 최신 장비로 반려동물을 돌보는 병원,"광주광역시 서구 상무연신로 371, 1층 (치평동) 115번지",062-574-7975
AI0802,남원제일가축병원,901-91-10801,24시간 응급진료 서비스 제공,광주광역시 서구 중앙로 74 (치평동) 115번지,062-419-7582
AI0803,한결동물병원,902-92-10802,반려동물 전문 의료진이 있는 병원,광주광역시 서구 상무평화로 1 (상무동) 115번지,062-571-0011
AI0804,JM서울동물병원(산업동물출장진료전문),903-93-10803,건강검진 및 예방접종 전문병원,광주광역시 서구 농성동 167 (농성동) 115번지,062-526-3575
AI0805,다산마리동물병원,904-94-10804,수술 전문 동물병원,광주광역시 서구 상무대로 471번길 101-102 (삼각동) 115번지,062-576-7585
AI0806,별빛동물병원,905-95-10805,반려동물의 건강한 삶을 위한 토탈케어,광주광역시 서구 치평로305번길 8 (하남동) 116번지,062-571-9114
AI0807,온마음 동물메디컬센터,906-96-10806,최신 의료장비와 숙련된 수의사진,광주광역시 서구 상무대로 37-6 (상무동) 116번지,
AI0808,고래 동물병원,907-97-10807,반려동물과 가족을 위한 따뜻한 병원,"광주광역시 서구 상무연신로 371, 1층 (치평동) 116번지",062-574-7975
AI0809,따스한 동물병원,908-98-10808,정확한 진단과 세심한 치료,광주광역시 서구 중앙로 74 (치평동) 116번지,062-419-7582
AI0810,제주 키움 동물병원,909-99-10809,반려동물의 평생 주치의,광주광역시 서구 상무평화로 1 (상무동) 116번지,062-571-0011
AI0811,퍼스트 동물병원,910-10-10810,전문적이고 신뢰할 수 있는 동물의료,광주광역시 서구 농성동 167 (농성동) 116번지,062-526-3575
AI0812,현대종합동물병원,911-11-10811,사랑과 정성으로 치료하는 병원,광주광역시 서구 상무대로 471번길 101-102 (삼각동) 116번지,062-576-7585
AI0813,해밀동물의료센터,912-12-10812,반려동물의 건강을 최우선으로 생각,광주광역시 서구 치평로305번길 8 (하남동) 117번지,062-571-9114
AI0814,한신동물병원,913-13-10813,첨단 장비와 풍부한 경험의 조화,광주광역시 서구 상무대로 37-6 (상무동) 117번지,
AI0815,참동물의료센터,914-14-10814,반려동물 응급의료 전문센터,"광주광역시 서구 상무연신로 371, 1층 (치평동) 117번지",062-574-7975
AI0816,24시분당리더스동물의료원,915-15-10815,개와 고양이 전문 치료병원,광주광역시 서구 중앙로 74 (치평동) 117번지,062-419-7582
AI0817,사랑애동물메디컬센터,916-16-10816,"내과, 외과, 치과 전문의료진 보유",광주광역시 서구 상무평화로 1 (상무동) 117번지,062-571-0011
AI0818,W동물의료센터,917-17-10817,디지털 방사선 촬영 및 초음파 진단,광주광역시 서구 농성동 167 (농성동) 117번지,062-526-3575
AI0819,대구24시 야간응급연합동물병원,918-18-10818,반려동물 미용 및 호텔 서비스 제공,광주광역시 서구 상무대로 471번길 101-102 (삼각동) 117번지,062-576-7585
AI0820,미소돌봄동물병원,919-19-10819,중성화 수술 및 치과치료 전문,광주광역시 서구 치평로305번길 8 (하남동) 118번지,062-571-9114
AI0821,24시 라움동물의료센터,920-20-10820,예방의학 중심의 건강관리 프로그램,광주광역시 서구 상무대로 37-6 (상무동) 118번지,
AI0822,에이드동물병원,921-21-10821,노령동물 전문 케어 서비스,"광주광역시 서구 상무연신로 371, 1층 (치평동) 118번지",062-574-7975
AI0823,박동물병원,922-22-10822,행동교정 및 훈련 상담 제공,광주광역시 서구 중앙로 74 (치평동) 118번지,062-419-7582
AI0824,고창중앙 동물병원,923-23-10823,한방치료 및 재활치료 전문,광주광역시 서구 상무평화로 1 (상무동) 118번지,062-571-0011
AI0825,고창,924-24-10824,야생동물 및 특수동물 진료 가능,광주광역시 서구 농성동 167 (농성동) 118번지,062-526-3575
AI0826,모양동물병원,925-25-10825,친절한 진료와 최신 장비로 반려동물을 돌보는 병원,광주광역시 서구 상무대로 471번길 101-102 (삼각동) 118번지,062-576-7585
AI0827,고창부안축협동물병원,926-26-10826,24시간 응급진료 서비스 제공,광주광역시 서구 치평로305번길 8 (하남동) 119번지,062-571-9114
AI0828,더클래스동물메디컬센터,927-27-10827,반려동물 전문 의료진이 있는 병원,광주광역시 서구 상무대로 37-6 (상무동) 119번지,
AI0829,연합,928-28-10828,건강검진 및 예방접종 전문병원,"광주광역시 서구 상무연신로 371, 1층 (치평동) 119번지",062-574-7975
AI0830,흥덕가축병원,929-29-10829,수술 전문 동물병원,광주광역시 서구 중앙로 74 (치평동) 119번지,062-419-7582
AI0831,대산,930-30-10830,반려동물의 건강한 삶을 위한 토탈케어,광주광역시 서구 상무평화로 1 (상무동) 119번지,062-571-0011
AI0832,한국,931-31-10831,최신 의료장비와 숙련된 수의사진,광주광역시 서구 농성동 167 (농성동) 119번지,062-526-3575
AI0833,한길동물병원,932-32-10832,반려동물과 가족을 위한 따뜻한 병원,광주광역시 서구 상무대로 471번길 101-102 (삼각동) 119번지,062-576-7585
AI0834,더나은동물병원,933-33-10833,정확한 진단과 세심한 치료,광주광역시 서구 치평로305번길 8 (하남동) 120번지,062-571-9114
AI0835,메종동물병원,934-34-10834,반려동물의 평생 주치의,광주광역시 서구 상무대로 37-6 (상무동) 120번지,
AI0836,광주다온동물병원,935-35-10835,전문적이고 신뢰할 수 있는 동물의료,"광주광역시 서구 상무연신로 371, 1층 (치평동) 120번지",062-574-7975
AI0837,참동물병원,936-36-10836,사랑과 정성으로 치료하는 병원,광주광역시 서구 중앙로 74 (치평동) 120번지,062-419-7582
AI0838,삼화 훈 동물병원,937-37-10837,반려동물의 건강을 최우선으로 생각,광주광역시 서구 상무평화로 1 (상무동) 120번지,062-571-0011
AI0839,타임동물메디컬센터,938-38-10838,첨단 장비와 풍부한 경험의 조화,광주광역시 서구 농성동 167 (농성동) 120번지,062-526-3575
AI0840,치산동물병원,939-39-10839,반려동물 응급의료 전문센터,광주광역시 서구 상무대로 471번길 101-102 (삼각동) 120번지,062-576-7585
AI0841,수동물병원,940-40-10840,개와 고양이 전문 치료병원,광주광역시 서구 치평로305번길 8 (하남동) 121번지,062-571-9114
AI0842,연희동물병원,941-41-10841,"내과, 외과, 치과 전문의료진 보유",광주광역시 서구 상무대로 37-6 (상무동) 121번지,
AI0843,원스동물병원,942-42-10842,디지털 방사선 촬영 및 초음파 진단,"광주광역시 서구 상무연신로 371, 1층 (치평동) 121번지",062-574-7975
AI0844,중원동물병원(출장진료전문),943-43-10843,반려동물 미용 및 호텔 서비스 제공,광주광역시 서구 중앙로 74 (치평동) 121번지,062-419-7582
AI0845,기흥나무동물병원,944-44-10844,중성화 수술 및 치과치료 전문,광주광역시 서구 상무평화로 1 (상무동) 121번지,062-571-0011
AI0846,희망동물병원,945-45-10845,예방의학 중심의 건강관리 프로그램,광주광역시 서구 농성동 167 (농성동) 121번지,062-526-3575
AI0847,바다동물병원,946-46-10846,노령동물 전문 케어 서비스,광주광역시 서구 상무대로 471번길 101-102 (삼각동) 121번지,062-576-7585
AI0848,웰니스클리닉(청계천점),947-47-10847,행동교정 및 훈련 상담 제공,광주광역시 서구 치평로305번길 8 (하남동) 122번지,062-571-9114
AI0849,광명 24 아이디동물의료센터,948-48-10848,한방치료 및 재활치료 전문,광주광역시 서구 상무대로 37-6 (상무동) 122번지,
AI0850,인우 동물병원,949-49-10849,야생동물 및 특수동물 진료 가능,"광주광역시 서구 상무연신로 371, 1층 (치평동) 122번지",062-574-7975
AI0851,봄 동물병원,950-50-10850,친절한 진료와 최신 장비로 반려동물을 돌보는 병원,광주광역시 서구 중앙로 74 (치평동) 122번지,062-419-7582
AI0852,굿모닝동물병원,951-51-10851,24시간 응급진료 서비스 제공,광주광역시 서구 상무평화로 1 (상무동) 122번지,062-571-0011
AI0853,JA 임상병리 동물병원,952-52-10852,반려동물 전문 의료진이 있는 병원,광주광역시 서구 농성동 167 (농성동) 122번지,062-526-3575
AI0854,다빈치동물병원,953-53-10853,건강검진 및 예방접종 전문병원,광주광역시 서구 상무대로 471번길 101-102 (삼각동) 122번지,062-576-7585
AI0855,다인동물병원,954-54-10854,수술 전문 동물병원,광주광역시 서구 치평로305번길 8 (하남동) 123번지,062-571-9114
AI0856,스타동물의료센터,955-55-10855,반려동물의 건강한 삶을 위한 토탈케어,광주광역시 서구 상무대로 37-6 (상무동) 123번지,
AI0857,동물치과병원 케어덴,956-56-10856,최신 의료장비와 숙련된 수의사진,"광주광역시 서구 상무연신로 371, 1층 (치평동) 123번지",062-574-7975
AI0858,휴SMC 동물병원,957-57-10857,반려동물과 가족을 위한 따뜻한 병원,광주광역시 서구 중앙로 74 (치평동) 123번지,062-419-7582
AI0859,정직한 동물병원,958-58-10858,정확한 진단과 세심한 치료,광주광역시 서구 상무평화로 1 (상무동) 123번지,062-571-0011
AI0860,동물병원 비아츠,959-59-10859,반려동물의 평생 주치의,광주광역시 서구 농성동 167 (농성동) 123번지,062-526-3575
AI0861,지웅동물병원,960-60-10860,전문적이고 신뢰할 수 있는 동물의료,광주광역시 서구 상무대로 471번길 101-102 (삼각동) 123번지,062-576-7585
AI0862,바로슬동물병원,961-61-10861,사랑과 정성으로 치료하는 병원,광주광역시 서구 치평로305번길 8 (하남동) 124번지,062-571-9114
AI0863,협신가축동물병원「산업동물 출장진료 전문」,962-62-10862,반려동물의 건강을 최우선으로 생각,광주광역시 서구 상무대로 37-6 (상무동) 124번지,
AI0864,하 수의과 동물병원(출장진료전문),963-63-10863,첨단 장비와 풍부한 경험의 조화,"광주광역시 서구 상무연신로 371, 1층 (치평동) 124번지",062-574-7975
AI0865,대구가축병원,964-64-10864,반려동물 응급의료 전문센터,광주광역시 서구 중앙로 74 (치평동) 124번지,062-419-7582
AI0866,도수의과가축병원,965-65-10865,개와 고양이 전문 치료병원,광주광역시 서구 상무평화로 1 (상무동) 124번지,062-571-0011
AI0867,박성준 동물병원,966-66-10866,"내과, 외과, 치과 전문의료진 보유",광주광역시 서구 농성동 167 (농성동) 124번지,062-526-3575
AI0868,우성동물병원,967-67-10867,디지털 방사선 촬영 및 초음파 진단,광주광역시 서구 상무대로 471번길 101-102 (삼각동) 124번지,062-576-7585
AI0869,버팔로 동물병원,968-68-10868,반려동물 미용 및 호텔 서비스 제공,광주광역시 서구 치평로305번길 8 (하남동) 125번지,062-571-9114
AI0870,와이제이클리닉,969-69-10869,중성화 수술 및 치과치료 전문,광주광역시 서구 상무대로 37-6 (상무동) 125번지,
AI0871,군위축협 동물병원,970-70-10870,예방의학 중심의 건강관리 프로그램,"광주광역시 서구 상무연신로 371, 1층 (치평동) 125번지",062-574-7975
AI0872,군위종합동물병원,971-71-10871,노령동물 전문 케어 서비스,광주광역시 서구 중앙로 74 (치평동) 125번지,062-419-7582
AI0873,양주 센트럴 동물병원,972-72-10872,행동교정 및 훈련 상담 제공,광주광역시 서구 상무평화로 1 (상무동) 125번지,062-571-0011
AI0874,신길S동물의료센터,973-73-10873,한방치료 및 재활치료 전문,광주광역시 서구 농성동 167 (농성동) 125번지,062-526-3575
AI0875,다가온 동물병원,974-74-10874,야생동물 및 특수동물 진료 가능,광주광역시 서구 상무대로 471번길 101-102 (삼각동) 125번지,062-576-7585
AI0876,정선가축병원,975-75-10875,친절한 진료와 최신 장비로 반려동물을 돌보는 병원,광주광역시 서구 치평로305번길 8 (하남동) 126번지,062-571-9114
AI0877,동물병원 더 하임,976-76-10876,24시간 응급진료 서비스 제공,광주광역시 서구 상무대로 37-6 (상무동) 126번지,
AI0878,새별동물병원,977-77-10877,반려동물 전문 의료진이 있는 병원,"광주광역시 서구 상무연신로 371, 1층 (치평동) 126번지",062-574-7975
AI0879,해담동물병원,978-78-10878,건강검진 및 예방접종 전문병원,광주광역시 서구 중앙로 74 (치평동) 126번지,062-419-7582
AI0880,늘봄 동물병원,979-79-10879,수술 전문 동물병원,광주광역시 서구 상무평화로 1 (상무동) 126번지,062-571-0011
AI0881,화순동물병원,980-80-10880,반려동물의 건강한 삶을 위한 토탈케어,광주광역시 서구 농성동 167 (농성동) 126번지,062-526-3575
AI0882,건국동물병원,981-81-10881,최신 의료장비와 숙련된 수의사진,광주광역시 서구 상무대로 471번길 101-102 (삼각동) 126번지,062-576-7585
AI0883,강동동물병원,982-82-10882,반려동물과 가족을 위한 따뜻한 병원,광주광역시 서구 치평로305번길 8 (하남동) 127번지,062-571-9114
AI0884,펫프렌즈동물병원,983-83-10883,정확한 진단과 세심한 치료,광주광역시 서구 상무대로 37-6 (상무동) 127번지,
AI0885,Dr.남동물병원,984-84-10884,반려동물의 평생 주치의,"광주광역시 서구 상무연신로 371, 1층 (치평동) 127번지",062-574-7975
AI0886,가로수동물병원,985-85-10885,전문적이고 신뢰할 수 있는 동물의료,광주광역시 서구 중앙로 74 (치평동) 127번지,062-419-7582
AI0887,쿨펫동물병원,986-86-10886,사랑과 정성으로 치료하는 병원,광주광역시 서구 상무평화로 1 (상무동) 127번지,062-571-0011
AI0888,유림동물병원,987-87-10887,반려동물의 건강을 최우선으로 생각,광주광역시 서구 농성동 167 (농성동) 127번지,062-526-3575
AI0889,윌 동물외상센터,988-88-10888,첨단 장비와 풍부한 경험의 조화,광주광역시 서구 상무대로 471번길 101-102 (삼각동) 127번지,062-576-7585
AI0890,사랑가득 동물병원,989-89-10889,반려동물 응급의료 전문센터,광주광역시 서구 치평로305번길 8 (하남동) 128번지,062-571-9114
AI0891,베스트동물병원,990-90-10890,개와 고양이 전문 치료병원,광주광역시 서구 상무대로 37-6 (상무동) 128번지,
AI0892,서현동물병원,991-91-10891,"내과, 외과, 치과 전문의료진 보유","광주광역시 서구 상무연신로 371, 1층 (치평동) 128번지",062-574-7975
AI0893,수동물병원,992-92-10892,디지털 방사선 촬영 및 초음파 진단,광주광역시 서구 중앙로 74 (치평동) 128번지,062-419-7582
AI0894,진월24동물병원,993-93-10893,반려동물 미용 및 호텔 서비스 제공,광주광역시 서구 상무평화로 1 (상무동) 128번지,062-571-0011
AI0895,광주축산농협동물병원,994-94-10894,중성화 수술 및 치과치료 전문,광주광역시 서구 농성동 167 (농성동) 128번지,062-526-3575
AI0896,센트럴,995-95-10895,예방의학 중심의 건강관리 프로그램,광주광역시 서구 상무대로 471번길 101-102 (삼각동) 128번지,062-576-7585
AI0897,그린동물병원,996-96-10896,노령동물 전문 케어 서비스,광주광역시 서구 치평로305번길 8 (하남동) 129번지,062-571-9114
AI0898,다솜동물병원,997-97-10897,행동교정 및 훈련 상담 제공,광주광역시 서구 상무대로 37-6 (상무동) 129번지,
AI0899,희망동물병원,998-98-10898,한방치료 및 재활치료 전문,"광주광역시 서구 상무연신로 371, 1층 (치평동) 129번지",062-574-7975
AI0900,늘푸른 동물병원,999-99-10899,야생동물 및 특수동물 진료 가능,광주광역시 서구 중앙로 74 (치평동) 129번지,062-419-7582
AJ0901,좋은동물병원,100-10-10900,친절한 진료와 최신 장비로 반려동물을 돌보는 병원,광주광역시 서구 상무평화로 1 (상무동) 129번지,062-571-0011
AJ0902,길동물병원,101-11-10901,24시간 응급진료 서비스 제공,광주광역시 서구 농성동 167 (농성동) 129번지,062-526-3575
AJ0903,이룸외과동물병원,102-12-10902,반려동물 전문 의료진이 있는 병원,광주광역시 서구 상무대로 471번길 101-102 (삼각동) 129번지,062-576-7585
AJ0904,한결동물의료센터,103-13-10903,건강검진 및 예방접종 전문병원,광주광역시 서구 치평로305번길 8 (하남동) 130번지,062-571-9114
AJ0905,다나동물병원,104-14-10904,수술 전문 동물병원,광주광역시 서구 상무대로 37-6 (상무동) 130번지,
AJ0906,푸른동물병원,105-15-10905,반려동물의 건강한 삶을 위한 토탈케어,"광주광역시 서구 상무연신로 371, 1층 (치평동) 130번지",062-574-7975
AJ0907,프렌즈동물병원,106-16-10906,최신 의료장비와 숙련된 수의사진,광주광역시 서구 중앙로 74 (치평동) 130번지,062-419-7582
AJ0908,봉선아이동물메디컬센터,107-17-10907,반려동물과 가족을 위한 따뜻한 병원,광주광역시 서구 상무평화로 1 (상무동) 130번지,062-571-0011
AJ0909,봉선동물병원,108-18-10908,정확한 진단과 세심한 치료,광주광역시 서구 농성동 167 (농성동) 130번지,062-526-3575
AJ0910,광주동물병원,109-19-10909,반려동물의 평생 주치의,광주광역시 서구 상무대로 471번길 101-102 (삼각동) 130번지,062-576-7585
AJ0911,영재애견종합병원,110-20-10910,전문적이고 신뢰할 수 있는 동물의료,광주광역시 서구 치평로305번길 8 (하남동) 131번지,062-571-9114
AJ0912,신세계 동물병원,111-21-10911,사랑과 정성으로 치료하는 병원,광주광역시 서구 상무대로 37-6 (상무동) 131번지,
AJ0913,황제 동물병원,112-22-10912,반려동물의 건강을 최우선으로 생각,"광주광역시 서구 상무연신로 371, 1층 (치평동) 131번지",062-574-7975
AJ0914,광주 한사랑동물병원,113-23-10913,첨단 장비와 풍부한 경험의 조화,광주광역시 서구 중앙로 74 (치평동) 131번지,062-419-7582
AJ0915,튼튼동물병원,114-24-10914,반려동물 응급의료 전문센터,광주광역시 서구 상무평화로 1 (상무동) 131번지,062-571-0011
AJ0916,현대동물병원,115-25-10915,개와 고양이 전문 치료병원,광주광역시 서구 농성동 167 (농성동) 131번지,062-526-3575
AJ0917,이천종합동물병원,116-26-10916,"내과, 외과, 치과 전문의료진 보유",광주광역시 서구 상무대로 471번길 101-102 (삼각동) 131번지,062-576-7585
AJ0918,대흥동물병원,117-27-10917,디지털 방사선 촬영 및 초음파 진단,광주광역시 서구 치평로305번길 8 (하남동) 132번지,062-571-9114
AJ0919,독사랑동물병원,118-28-10918,반려동물 미용 및 호텔 서비스 제공,광주광역시 서구 상무대로 37-6 (상무동) 132번지,
AJ0920,리더스동물병원,119-29-10919,중성화 수술 및 치과치료 전문,"광주광역시 서구 상무연신로 371, 1층 (치평동) 132번지",062-574-7975
AJ0921,알프스동물병원,120-30-10920,예방의학 중심의 건강관리 프로그램,광주광역시 서구 중앙로 74 (치평동) 132번지,062-419-7582
AJ0922,대구동물메디컬센터,121-31-10921,노령동물 전문 케어 서비스,광주광역시 서구 상무평화로 1 (상무동) 132번지,062-571-0011
AJ0923,베트문동물병원,122-32-10922,행동교정 및 훈련 상담 제공,광주광역시 서구 농성동 167 (농성동) 132번지,062-526-3575
AJ0924,조은동물의료원,123-33-10923,한방치료 및 재활치료 전문,광주광역시 서구 상무대로 471번길 101-102 (삼각동) 132번지,062-576-7585
AJ0925,펫 동물병원,124-34-10924,야생동물 및 특수동물 진료 가능,광주광역시 서구 치평로305번길 8 (하남동) 133번지,062-571-9114
AJ0926,멘토동물병원,125-35-10925,친절한 진료와 최신 장비로 반려동물을 돌보는 병원,광주광역시 서구 상무대로 37-6 (상무동) 133번지,
AJ0927,스위스동물병원,126-36-10926,24시간 응급진료 서비스 제공,"광주광역시 서구 상무연신로 371, 1층 (치평동) 133번지",062-574-7975
AJ0928,세인트동물병원,127-37-10927,반려동물 전문 의료진이 있는 병원,광주광역시 서구 중앙로 74 (치평동) 133번지,062-419-7582
AJ0929,그랜드벳동물병원,128-38-10928,건강검진 및 예방접종 전문병원,광주광역시 서구 상무평화로 1 (상무동) 133번지,062-571-0011
AJ0930,y동물병원,129-39-10929,수술 전문 동물병원,광주광역시 서구 농성동 167 (농성동) 133번지,062-526-3575
AJ0931,로얄동물병원,130-40-10930,반려동물의 건강한 삶을 위한 토탈케어,광주광역시 서구 상무대로 471번길 101-102 (삼각동) 133번지,062-576-7585
AJ0932,곰아저씨 동물병원,131-41-10931,최신 의료장비와 숙련된 수의사진,광주광역시 서구 치평로305번길 8 (하남동) 134번지,062-571-9114
AJ0933,예스동물병원,132-42-10932,반려동물과 가족을 위한 따뜻한 병원,광주광역시 서구 상무대로 37-6 (상무동) 134번지,
AJ0934,따뜻한 on동물병원,133-43-10933,정확한 진단과 세심한 치료,"광주광역시 서구 상무연신로 371, 1층 (치평동) 134번지",062-574-7975
AJ0935,스마트동물병원,134-44-10934,반려동물의 평생 주치의,광주광역시 서구 중앙로 74 (치평동) 134번지,062-419-7582
AJ0936,마루동물병원,135-45-10935,전문적이고 신뢰할 수 있는 동물의료,광주광역시 서구 상무평화로 1 (상무동) 134번지,062-571-0011
AJ0937,범어동물의료센터,136-46-10936,사랑과 정성으로 치료하는 병원,광주광역시 서구 농성동 167 (농성동) 134번지,062-526-3575
AJ0938,동인동물병원,137-47-10937,반려동물의 건강을 최우선으로 생각,광주광역시 서구 상무대로 471번길 101-102 (삼각동) 134번지,062-576-7585
AJ0939,달성공원 동물병원,138-48-10938,첨단 장비와 풍부한 경험의 조화,광주광역시 서구 치평로305번길 8 (하남동) 135번지,062-571-9114
AJ0940,남부동물병원,139-49-10939,반려동물 응급의료 전문센터,광주광역시 서구 상무대로 37-6 (상무동) 135번지,
AJ0941,중부동물병원,140-50-10940,개와 고양이 전문 치료병원,"광주광역시 서구 상무연신로 371, 1층 (치평동) 135번지",062-574-7975
AJ0942,삼덕종합동물병원,141-51-10941,"내과, 외과, 치과 전문의료진 보유",광주광역시 서구 중앙로 74 (치평동) 135번지,062-419-7582
AJ0943,동산동물병원,142-52-10942,디지털 방사선 촬영 및 초음파 진단,광주광역시 서구 상무평화로 1 (상무동) 135번지,062-571-0011
AJ0944,오원석 황금동물병원,143-53-10943,반려동물 미용 및 호텔 서비스 제공,광주광역시 서구 농성동 167 (농성동) 135번지,062-526-3575
AJ0945,대구축산 동물병원,144-54-10944,중성화 수술 및 치과치료 전문,광주광역시 서구 상무대로 471번길 101-102 (삼각동) 135번지,062-576-7585
AJ0946,대구S동물병원,145-55-10945,예방의학 중심의 건강관리 프로그램,광주광역시 서구 치평로305번길 8 (하남동) 136번지,062-571-9114
AJ0947,원동물병원,146-56-10946,노령동물 전문 케어 서비스,광주광역시 서구 상무대로 37-6 (상무동) 136번지,
AJ0948,범어동물병원,147-57-10947,행동교정 및 훈련 상담 제공,"광주광역시 서구 상무연신로 371, 1층 (치평동) 136번지",062-574-7975
AJ0949,정동물병원,148-58-10948,한방치료 및 재활치료 전문,광주광역시 서구 중앙로 74 (치평동) 136번지,062-419-7582
AJ0950,사랑동물병원,149-59-10949,야생동물 및 특수동물 진료 가능,광주광역시 서구 상무평화로 1 (상무동) 136번지,062-571-0011
AJ0951,선동물병원,150-60-10950,친절한 진료와 최신 장비로 반려동물을 돌보는 병원,광주광역시 서구 농성동 167 (농성동) 136번지,062-526-3575
AJ0952,나라동물병원,151-61-10951,24시간 응급진료 서비스 제공,광주광역시 서구 상무대로 471번길 101-102 (삼각동) 136번지,062-576-7585
AJ0953,두산메디펫동물병원,152-62-10952,반려동물 전문 의료진이 있는 병원,광주광역시 서구 치평로305번길 8 (하남동) 137번지,062-571-9114
AJ0954,지산동물병원,153-63-10953,건강검진 및 예방접종 전문병원,광주광역시 서구 상무대로 37-6 (상무동) 137번지,
AJ0955,금강동물병원,154-64-10954,수술 전문 동물병원,"광주광역시 서구 상무연신로 371, 1층 (치평동) 137번지",062-574-7975
AJ0956,제니스동물병원,155-65-10955,반려동물의 건강한 삶을 위한 토탈케어,광주광역시 서구 중앙로 74 (치평동) 137번지,062-419-7582
AJ0957,효성동물병원,156-66-10956,최신 의료장비와 숙련된 수의사진,광주광역시 서구 상무평화로 1 (상무동) 137번지,062-571-0011
AJ0958,리즈 동물병원,157-67-10957,반려동물과 가족을 위한 따뜻한 병원,광주광역시 서구 농성동 167 (농성동) 137번지,062-526-3575
AJ0959,구지동물병원,158-68-10958,정확한 진단과 세심한 치료,광주광역시 서구 상무대로 471번길 101-102 (삼각동) 137번지,062-576-7585
AJ0960,다사종합동물병원,159-69-10959,반려동물의 평생 주치의,광주광역시 서구 치평로305번길 8 (하남동) 138번지,062-571-9114
AJ0961,포산동물병원,160-70-10960,전문적이고 신뢰할 수 있는 동물의료,광주광역시 서구 상무대로 37-6 (상무동) 138번지,
AJ0962,달성축산동물병원,161-71-10961,사랑과 정성으로 치료하는 병원,"광주광역시 서구 상무연신로 371, 1층 (치평동) 138번지",062-574-7975
AJ0963,현풍동물병원,162-72-10962,반려동물의 건강을 최우선으로 생각,광주광역시 서구 중앙로 74 (치평동) 138번지,062-419-7582
AJ0964,25시 죽곡동물병원,163-73-10963,첨단 장비와 풍부한 경험의 조화,광주광역시 서구 상무평화로 1 (상무동) 138번지,062-571-0011
AJ0965,도담동물병원,164-74-10964,반려동물 응급의료 전문센터,광주광역시 서구 농성동 167 (농성동) 138번지,062-526-3575
AJ0966,달성축협동물병원,165-75-10965,개와 고양이 전문 치료병원,광주광역시 서구 상무대로 471번길 101-102 (삼각동) 138번지,062-576-7585
AJ0967,힐링동물병원,166-76-10966,"내과, 외과, 치과 전문의료진 보유",광주광역시 서구 치평로305번길 8 (하남동) 139번지,062-571-9114
AJ0968,화원연합동물병원,167-77-10967,디지털 방사선 촬영 및 초음파 진단,광주광역시 서구 상무대로 37-6 (상무동) 139번지,
AJ0969,테크노연합 동물병원,168-78-10968,반려동물 미용 및 호텔 서비스 제공,"광주광역시 서구 상무연신로 371, 1층 (치평동) 139번지",062-574-7975
AJ0970,119동물병원,169-79-10969,중성화 수술 및 치과치료 전문,광주광역시 서구 중앙로 74 (치평동) 139번지,062-419-7582
AJ0971,서재동물병원,170-80-10970,예방의학 중심의 건강관리 프로그램,광주광역시 서구 상무평화로 1 (상무동) 139번지,062-571-0011
AJ0972,아이펫동물병원,171-81-10971,노령동물 전문 케어 서비스,광주광역시 서구 농성동 167 (농성동) 139번지,062-526-3575
AJ0973,평리동물병원,172-82-10972,행동교정 및 훈련 상담 제공,광주광역시 서구 상무대로 471번길 101-102 (삼각동) 139번지,062-576-7585
AJ0974,진동물병원,173-83-10973,한방치료 및 재활치료 전문,광주광역시 서구 치평로305번길 8 (하남동) 140번지,062-571-9114
AJ0975,페츠업 동물병원,174-84-10974,야생동물 및 특수동물 진료 가능,광주광역시 서구 상무대로 37-6 (상무동) 140번지,
AJ0976,보경동물병원,175-85-10975,친절한 진료와 최신 장비로 반려동물을 돌보는 병원,"광주광역시 서구 상무연신로 371, 1층 (치평동) 140번지",062-574-7975
AJ0977,더펫동물병원,176-86-10976,24시간 응급진료 서비스 제공,광주광역시 서구 중앙로 74 (치평동) 140번지,062-419-7582
AJ0978,사랑동물병원,177-87-10977,반려동물 전문 의료진이 있는 병원,광주광역시 서구 상무평화로 1 (상무동) 140번지,062-571-0011
AJ0979,형곡동물병원,178-88-10978,건강검진 및 예방접종 전문병원,광주광역시 서구 농성동 167 (농성동) 140번지,062-526-3575
AJ0980,구미칠곡축산농협동물병원,179-89-10979,수술 전문 동물병원,광주광역시 서구 상무대로 471번길 101-102 (삼각동) 140번지,062-576-7585
AJ0981,쿨펫동물병원 구미점,180-90-10980,반려동물의 건강한 삶을 위한 토탈케어,광주광역시 서구 치평로305번길 8 (하남동) 141번지,062-571-9114
AJ0982,강남동물병원,181-91-10981,최신 의료장비와 숙련된 수의사진,광주광역시 서구 상무대로 37-6 (상무동) 141번지,
AJ0983,베스트동물병원,182-92-10982,반려동물과 가족을 위한 따뜻한 병원,"광주광역시 서구 상무연신로 371, 1층 (치평동) 141번지",062-574-7975
AJ0984,구미옥계동물병원,183-93-10983,정확한 진단과 세심한 치료,광주광역시 서구 중앙로 74 (치평동) 141번지,062-419-7582
AJ0985,초원동물병원,184-94-10984,반려동물의 평생 주치의,광주광역시 서구 상무평화로 1 (상무동) 141번지,062-571-0011
AJ0986,자인동물병원,185-95-10985,전문적이고 신뢰할 수 있는 동물의료,광주광역시 서구 농성동 167 (농성동) 141번지,062-526-3575
AJ0987,경산동물병원,186-96-10986,사랑과 정성으로 치료하는 병원,광주광역시 서구 상무대로 471번길 101-102 (삼각동) 141번지,062-576-7585
AJ0988,영대동물병원,187-97-10987,반려동물의 건강을 최우선으로 생각,광주광역시 서구 치평로305번길 8 (하남동) 142번지,062-571-9114
AJ0989,김영복수의과병원,188-98-10988,첨단 장비와 풍부한 경험의 조화,광주광역시 서구 상무대로 37-6 (상무동) 142번지,
AJ0990,정평동물병원,189-99-10989,반려동물 응급의료 전문센터,"광주광역시 서구 상무연신로 371, 1층 (치평동) 142번지",062-574-7975
AJ0991,고은동물병원,190-10-10990,개와 고양이 전문 치료병원,광주광역시 서구 중앙로 74 (치평동) 142번지,062-419-7582
AJ0992,강북동물병원,191-11-10991,"내과, 외과, 치과 전문의료진 보유",광주광역시 서구 상무평화로 1 (상무동) 142번지,062-571-0011
AJ0993,협동,192-12-10992,디지털 방사선 촬영 및 초음파 진단,광주광역시 서구 농성동 167 (농성동) 142번지,062-526-3575
AJ0994,경의,193-13-10993,반려동물 미용 및 호텔 서비스 제공,광주광역시 서구 상무대로 471번길 101-102 (삼각동) 142번지,062-576-7585
AJ0995,의성동물병원,194-14-10994,중성화 수술 및 치과치료 전문,광주광역시 서구 치평로305번길 8 (하남동) 143번지,062-571-9114
AJ0996,중앙,195-15-10995,예방의학 중심의 건강관리 프로그램,광주광역시 서구 상무대로 37-6 (상무동) 143번지,
AJ0997,영대연합동물병원,196-16-10996,노령동물 전문 케어 서비스,"광주광역시 서구 상무연신로 371, 1층 (치평동) 143번지",062-574-7975
AJ0998,가나종합동물병원,197-17-10997,행동교정 및 훈련 상담 제공,광주광역시 서구 중앙로 74 (치평동) 143번지,062-419-7582
AJ0999,우리집동물병원,198-18-10998,한방치료 및 재활치료 전문,광주광역시 서구 상무평화로 1 (상무동) 143번지,062-571-0011
